,Country,Player,Matches,Innings,Not_Out,Runs,Highest_score,Average,Ball_Faced,Strike_Rate,Hundreds,Fiftys,Zeros,Fours,Sixes,Start_Year,End/Current_Year,Format
1,India,RG Sharma,159,151,19,4231,121,32.05,3003,140.89,5,32,12,383,205,2007,2024,T20
2,India,V Kohli,125,117,31,4188,122,48.69,3056,137.04,1,38,7,369,124,2010,2024,T20
3,India,SA Yadav,83,79,11,2598,117,38.2,1555,167.07,4,21,5,237,146,2021,2025,T20
4,India,KL Rahul,72,68,8,2265,110,37.75,1628,139.12,2,22,5,191,99,2016,2022,T20
5,India,HH Pandya,114,90,25,1812,71,27.87,1279,141.67,0,5,3,135,95,2016,2025,T20
6,India,S Dhawan,68,66,3,1759,92,27.92,1392,126.36,0,11,2,191,50,2011,2021,T20
7,India,MS Dhoni,98,85,42,1617,56,37.6,1282,126.13,0,2,1,116,52,2006,2019,T20
8,India,SK Raina,78,66,11,1605,101,29.18,1190,134.87,1,5,3,145,58,2006,2018,T20
9,India,RR Pant,76,66,14,1209,65,23.25,950,127.26,0,3,4,111,44,2017,2024,T20
10,India,Yuvraj Singh,58,51,9,1177,77,28.02,863,136.38,0,8,1,77,74,2007,2017,T20
11,India,SS Iyer,51,47,11,1104,74,30.66,811,136.12,0,8,4,90,44,2017,2023,T20
12,India,G Gambhir,37,36,2,932,75,27.41,783,119.02,0,7,2,109,10,2007,2012,T20
13,India,SV Samson,42,38,4,861,111,25.32,565,152.38,3,2,6,71,49,2015,2025,T20
14,India,Ishan Kishan,32,32,1,796,89,25.67,640,124.37,0,6,1,79,36,2021,2023,T20
15,India,NT Tilak Varma,25,24,9,749,120,49.93,483,155.07,2,3,3,61,43,2023,2025,T20
16,India,YBK Jaiswal,23,22,2,723,100,36.15,440,164.31,1,5,2,82,38,2023,2024,T20
17,India,MK Pandey,39,33,17,709,79,44.31,562,126.15,0,3,2,49,19,2015,2020,T20
18,India,KD Karthik,59,47,22,686,55,27.44,476,144.11,0,1,2,71,28,2006,2022,T20
19,India,RD Gaikwad,23,20,4,633,123,39.56,441,143.53,1,4,1,65,24,2021,2024,T20
20,India,Shubman Gill,21,21,2,578,126,30.42,415,139.27,1,3,1,60,22,2023,2024,T20
21,India,RK Singh,33,24,11,546,69,42.0,339,161.06,0,3,1,45,31,2023,2025,T20
22,India,Abhishek Sharma,17,16,0,535,135,33.43,276,193.84,2,2,1,46,41,2024,2025,T20
23,India,AR Patel,71,44,15,535,65,18.44,384,139.32,0,1,2,41,23,2015,2025,T20
24,India,S Dube,35,26,9,531,63,31.23,379,140.1,0,4,1,37,28,2019,2025,T20
25,India,RA Jadeja,74,41,17,515,46,21.45,405,127.16,0,0,3,39,14,2009,2024,T20
26,India,V Sehwag,19,18,0,394,68,21.88,271,145.38,0,2,1,43,16,2006,2012,T20
27,India,AM Rahane,20,20,2,375,61,20.83,331,113.29,0,1,2,32,6,2011,2016,T20
28,India,DJ Hooda,21,17,5,368,104,30.66,250,147.2,1,0,2,29,18,2022,2023,T20
29,India,RV Uthappa,13,12,2,249,50,24.9,211,118.0,0,1,1,26,6,2007,2015,T20
30,India,YK Pathan,22,18,5,236,37,18.15,161,146.58,0,0,3,11,17,2007,2012,T20
31,India,Washington Sundar,54,22,8,193,50,13.78,159,121.38,0,1,4,16,9,2017,2025,T20
32,India,R Ashwin,65,19,12,184,31,26.28,160,115.0,0,0,0,17,4,2010,2022,T20
33,India,IK Pathan,24,14,7,172,33,24.57,144,119.44,0,0,0,9,7,2006,2012,T20
34,India,M Vijay,9,9,0,169,48,18.77,154,109.74,0,0,1,13,8,2010,2015,T20
35,India,VR Iyer,9,7,3,133,35,33.25,82,162.19,0,0,0,15,5,2021,2022,T20
36,India,KH Pandya,19,10,5,124,26,24.8,95,130.52,0,0,0,8,6,2018,2021,T20
37,India,KM Jadhav,9,6,0,122,58,20.33,99,123.23,0,1,0,12,3,2015,2017,T20
38,India,Harbhajan Singh,28,13,5,108,21,13.5,87,124.13,0,0,1,11,4,2006,2016,T20
39,India,R Parag,9,6,0,106,34,17.66,70,151.42,0,0,0,3,9,2024,2024,T20
40,India,V Shankar,9,4,0,101,43,25.25,73,138.35,0,0,0,11,5,2018,2019,T20
41,India,JM Sharma,9,7,0,100,35,14.28,68,147.05,0,0,1,11,4,2023,2024,T20
42,India,RA Tripathi,5,5,0,97,44,19.4,67,144.77,0,0,1,11,5,2023,2023,T20
43,India,K Nitish Kumar Reddy,4,3,1,90,74,45.0,50,180.0,0,1,1,4,8,2024,2025,T20
44,India,Mandeep Singh,3,3,1,87,52,43.5,73,119.17,0,1,0,11,1,2016,2016,T20
45,India,HV Patel,25,10,4,77,18,12.83,57,135.08,0,0,1,9,3,2021,2023,T20
46,India,Arshdeep Singh,63,21,13,71,12,8.87,61,116.39,0,0,3,6,3,2022,2025,T20
47,India,SN Thakur,25,6,3,69,22,23.0,38,181.57,0,0,2,5,4,2018,2022,T20
48,India,B Kumar,87,21,13,67,16,8.37,94,71.27,0,0,2,0,0,2012,2022,T20
49,India,Ravi Bishnoi,42,13,6,55,9,7.85,42,130.95,0,0,2,8,1,2022,2025,T20
50,India,DL Chahar,25,7,5,53,31,26.5,28,189.28,0,0,1,4,4,2018,2023,T20
51,India,Kuldeep Yadav,40,7,3,46,23,11.5,59,77.96,0,0,2,2,0,2017,2024,T20
52,India,S Badrinath,1,1,0,43,43,43.0,37,116.21,0,0,0,5,0,2011,2011,T20
53,India,AT Rayudu,6,5,1,42,20,10.5,50,84.0,0,0,2,5,0,2014,2016,T20
54,India,D Padikkal,2,2,0,38,29,19.0,38,100.0,0,0,0,2,1,2021,2021,T20
55,India,D Mongia,1,1,0,38,38,38.0,45,84.44,0,0,0,4,1,2006,2006,T20
56,India,PA Patel,2,2,0,36,26,18.0,32,112.5,0,0,0,4,1,2011,2011,T20
57,India,STR Binny,3,2,0,35,24,17.5,29,120.68,0,0,0,2,1,2015,2016,T20
58,India,R Dravid,1,1,0,31,31,31.0,21,147.61,0,0,0,0,3,2011,2011,T20
59,India,Shivam Mavi,6,2,0,28,26,14.0,18,155.55,0,0,0,2,2,2023,2023,T20
60,India,A Nehra,27,5,0,28,22,5.6,39,71.79,0,0,3,1,2,2009,2017,T20
61,India,Avesh Khan,25,5,3,27,16,13.5,20,135.0,0,0,0,3,1,2022,2024,T20
62,India,UT Yadav,9,2,1,22,20,22.0,21,104.76,0,0,0,2,0,2012,2022,T20
63,India,AB Dinda,9,2,1,22,19,22.0,24,91.66,0,0,0,1,0,2009,2012,T20
64,India,S Sreesanth,10,3,2,20,19,20.0,14,142.85,0,0,1,4,0,2006,2008,T20
65,India,Ramandeep Singh,2,1,0,15,15,15.0,6,250.0,0,0,0,1,1,2024,2024,T20
66,India,AB Agarkar,4,2,0,15,14,7.5,11,136.36,0,0,0,2,0,2006,2007,T20
67,India,MK Tiwary,3,1,0,15,15,15.0,17,88.23,0,0,0,0,0,2011,2012,T20
68,India,N Rana,2,2,0,15,9,7.5,27,55.55,0,0,0,0,0,2021,2021,T20
69,India,Mohammed Siraj,16,4,2,14,7,7.0,16,87.5,0,0,1,1,0,2017,2024,T20
70,India,Z Khan,17,4,2,13,9,6.5,10,130.0,0,0,0,0,1,2006,2012,T20
71,India,NA Saini,11,3,3,12,11,0.0,11,109.09,0,0,0,2,0,2019,2021,T20
72,India,DC Jurel,4,3,0,12,6,4.0,23,52.17,0,0,0,1,0,2024,2025,T20
73,India,NV Ojha,2,2,0,12,10,6.0,27,44.44,0,0,0,2,0,2010,2010,T20
74,India,PP Ojha,6,1,1,10,10,0.0,6,166.66,0,0,0,0,1,2009,2010,T20
75,India,SR Tendulkar,1,1,0,10,10,10.0,12,83.33,0,0,0,2,0,2006,2006,T20
76,India,I Sharma,14,3,2,8,5,8.0,9,88.88,0,0,1,1,0,2008,2013,T20
77,India,JJ Bumrah,70,8,5,8,7,2.66,14,57.14,0,0,2,1,0,2016,2024,T20
78,India,P Kumar,10,3,0,7,6,2.33,16,43.75,0,0,1,0,0,2008,2012,T20
79,India,Mohammed Shami,25,5,3,6,6,3.0,10,60.0,0,0,1,0,1,2014,2025,T20
80,India,YS Chahal,80,6,4,6,3,3.0,13,46.15,0,0,0,0,0,2016,2023,T20
81,India,Umran Malik,8,2,2,5,4,0.0,2,250.0,0,0,0,1,0,2022,2023,T20
82,India,RD Chahar,6,1,0,5,5,5.0,5,100.0,0,0,0,1,0,2019,2021,T20
83,India,Mukesh Kumar,17,4,3,5,4,5.0,5,100.0,0,0,1,1,0,2023,2024,T20
84,India,Parvez Rasool,1,1,0,5,5,5.0,6,83.33,0,0,0,0,0,2017,2017,T20
85,India,C Sakariya,2,1,1,5,5,0.0,9,55.55,0,0,0,0,0,2021,2021,T20
86,India,RP Singh,10,2,2,3,2,0.0,3,100.0,0,0,0,0,0,2007,2009,T20
87,India,MM Sharma,8,2,2,3,3,0.0,7,42.85,0,0,0,0,0,2014,2015,T20
88,India,R Vinay Kumar,9,1,1,2,2,0.0,4,50.0,0,0,0,0,0,2010,2013,T20
89,India,DS Kulkarni,2,1,1,1,1,0.0,1,100.0,0,0,0,0,0,2016,2016,T20
90,India,Sandeep Sharma,2,1,1,1,1,0.0,1,100.0,0,0,0,0,0,2015,2015,T20
91,India,MP Yadav,3,1,1,1,1,0.0,1,100.0,0,0,0,0,0,2024,2024,T20
92,India,R Dhawan,1,1,1,1,1,0.0,2,50.0,0,0,0,0,0,2016,2016,T20
93,India,KK Ahmed,18,2,2,1,1,0.0,2,50.0,0,0,0,0,0,2018,2024,T20
94,India,CV Varun,18,3,1,1,1,0.5,6,16.66,0,0,2,0,0,2021,2025,T20
96,Australia,DA Warner,110,110,12,3277,100,33.43,2300,142.47,1,28,6,337,122,2009,2024,T20
97,Australia,AJ Finch,103,103,12,3120,172,34.28,2189,142.53,2,19,8,309,125,2011,2022,T20
98,Australia,GJ Maxwell,122,112,17,2755,145,29.0,1770,155.64,5,11,5,231,145,2012,2025,T20
99,Australia,MR Marsh,71,68,11,1723,92,30.22,1273,135.34,0,9,3,149,82,2011,2025,T20
100,Australia,SR Watson,58,56,6,1462,124,29.24,1006,145.32,1,10,3,115,83,2006,2016,T20
101,Australia,MP Stoinis,74,61,22,1245,78,31.92,838,148.56,0,5,2,99,63,2015,2024,T20
102,Australia,MS Wade,92,68,22,1202,80,26.13,896,134.15,0,3,1,95,46,2011,2024,T20
103,Australia,TM Head,39,38,4,1095,91,32.2,688,159.15,0,5,2,114,53,2016,2025,T20
104,Australia,SPD Smith,67,55,11,1094,90,24.86,872,125.45,0,5,1,96,26,2010,2024,T20
105,Australia,CL White,47,44,14,984,85,32.8,740,132.97,0,5,3,71,44,2007,2014,T20
106,Australia,JP Inglis,35,34,6,878,110,31.35,533,164.72,2,2,3,89,37,2022,2025,T20
107,Australia,TH David,44,37,11,858,102,33.0,494,173.68,1,3,4,61,62,2022,2025,T20
108,Australia,DJ Hussey,39,36,3,756,88,22.9,623,121.34,0,3,4,41,34,2008,2012,T20
109,Australia,MEK Hussey,38,30,11,721,60,37.94,529,136.29,0,4,1,58,25,2005,2012,T20
110,Australia,DJM Short,23,23,2,642,76,30.57,540,118.88,0,4,1,71,15,2018,2020,T20
111,Australia,C Green,19,18,4,503,62,35.92,310,162.25,0,6,0,39,31,2022,2025,T20
112,Australia,MJ Clarke,34,28,5,488,67,21.21,473,103.17,0,1,2,29,10,2005,2010,T20
113,Australia,GJ Bailey,29,25,7,470,63,26.11,334,140.71,0,2,1,37,20,2012,2016,T20
114,Australia,BJ Haddin,34,29,6,402,47,17.47,351,114.52,0,0,2,30,13,2006,2014,T20
115,Australia,RT Ponting,17,16,2,401,98,28.64,302,132.78,0,2,2,41,11,2005,2009,T20
116,Australia,MC Henriques,24,21,4,355,62,20.88,285,124.56,0,2,0,17,15,2009,2021,T20
117,Australia,BR McDermott,25,23,4,342,54,18.0,343,99.7,0,2,3,17,13,2018,2023,T20
118,Australia,A Symonds,14,11,4,337,85,48.14,199,169.34,0,2,2,33,10,2005,2009,T20
119,Australia,ML Hayden,9,9,3,308,73,51.33,214,143.92,0,4,0,37,13,2005,2007,T20
120,Australia,MW Short,14,13,0,293,66,22.53,179,163.68,0,1,1,29,15,2023,2024,T20
121,Australia,CA Lynn,18,16,1,291,44,19.4,221,131.67,0,0,1,28,14,2014,2018,T20
122,Australia,AC Agar,49,29,5,279,29,11.62,278,100.35,0,0,4,19,9,2016,2024,T20
123,Australia,AC Gilchrist,13,13,1,272,48,22.66,192,141.66,0,0,0,27,13,2005,2008,T20
124,Australia,SE Marsh,15,15,1,255,47,18.21,248,102.82,0,0,2,15,10,2008,2016,T20
125,Australia,UT Khawaja,9,9,0,241,58,26.77,182,132.41,0,1,0,31,5,2016,2016,T20
126,Australia,AT Carey,38,26,5,233,37,11.09,215,108.37,0,0,2,19,7,2018,2021,T20
127,Australia,BJ Hodge,15,11,4,183,36,26.14,144,127.08,0,0,0,9,7,2007,2014,T20
128,Australia,AM Hardie,15,10,3,179,28,25.57,140,127.85,0,0,0,19,5,2023,2025,T20
129,Australia,JP Faulkner,24,18,7,159,41,14.45,138,115.21,0,0,0,7,5,2012,2017,T20
130,Australia,PJ Cummins,57,27,12,158,28,10.53,133,118.79,0,0,4,11,7,2011,2024,T20
131,Australia,NM Coulter-Nile,28,15,4,150,34,13.63,120,125.0,0,0,3,10,10,2013,2019,T20
132,Australia,JR Philippe,12,12,0,150,45,12.5,137,109.48,0,0,1,11,5,2021,2023,T20
133,Australia,M Klinger,3,3,0,143,62,47.66,112,127.67,0,1,0,12,2,2017,2017,T20
134,Australia,AC Voges,7,5,2,139,51,46.33,114,121.92,0,1,0,8,2,2007,2013,T20
135,Australia,MJ Owen,6,5,1,127,50,31.75,69,184.05,0,1,0,5,12,2025,2025,T20
136,Australia,DR Martyn,4,4,0,120,96,30.0,74,162.16,0,1,0,11,5,2005,2006,T20
137,Australia,DT Christian,23,14,6,118,39,14.75,93,126.88,0,0,1,7,6,2010,2021,T20
138,Australia,J Fraser-McGurk,8,8,0,115,50,14.37,86,133.72,0,1,2,16,3,2024,2025,T20
139,Australia,AJ Turner,19,14,5,110,24,12.22,131,83.96,0,0,1,4,2,2017,2023,T20
140,Australia,MG Johnson,30,17,7,109,28,10.9,95,114.73,0,0,2,8,3,2007,2013,T20
141,Australia,DR Sams,10,7,3,106,41,26.5,62,170.96,0,0,0,8,6,2020,2022,T20
142,Australia,JR Hopes,12,7,2,105,30,21.0,98,107.14,0,0,0,7,1,2005,2010,T20
143,Australia,B Lee,25,12,6,101,43,16.83,71,142.25,0,0,2,9,4,2005,2012,T20
144,Australia,BR Dunk,5,5,0,99,32,19.8,69,143.47,0,0,0,8,6,2014,2017,T20
145,Australia,MA Starc,65,21,11,98,14,9.8,100,98.0,0,0,0,4,2,2012,2024,T20
146,Australia,AJ Tye,32,15,7,83,20,10.37,76,109.21,0,0,3,5,4,2016,2021,T20
147,Australia,SM Katich,3,2,0,69,39,34.5,47,146.8,0,0,0,8,2,2005,2006,T20
148,Australia,A Zampa,101,23,10,69,13,5.3,78,88.46,0,0,3,7,0,2016,2025,T20
149,Australia,GB Hogg,15,4,0,55,41,13.75,39,141.02,0,0,0,3,3,2006,2014,T20
150,Australia,L Ronchi,3,2,0,47,36,23.5,27,174.07,0,0,0,8,1,2008,2009,T20
151,Australia,TD Paine,10,7,1,47,21,7.83,40,117.5,0,0,2,4,2,2009,2017,T20
152,Australia,JW Hastings,9,6,2,46,15,11.5,37,124.32,0,0,0,3,1,2010,2016,T20
153,Australia,NJ Maddinson,6,4,0,45,34,11.25,35,128.57,0,0,0,6,1,2013,2018,T20
154,Australia,JA Richardson,18,8,5,45,11,15.0,51,88.23,0,0,1,3,1,2017,2022,T20
155,Australia,SA Abbott,24,10,5,36,12,7.2,35,102.85,0,0,2,2,1,2014,2025,T20
156,Australia,BCJ Cutting,4,3,0,35,29,11.66,23,152.17,0,0,1,1,3,2013,2014,T20
157,Australia,PSP Handscomb,2,2,1,33,20,33.0,33,100.0,0,0,0,1,0,2019,2019,T20
158,Australia,MJ Swepson,8,5,5,32,14,0.0,23,139.13,0,0,0,1,2,2018,2022,T20
159,Australia,SNJ O'Keefe,7,5,0,32,22,6.4,26,123.07,0,0,0,4,1,2010,2011,T20
160,Australia,BJ Dwarshuis,8,6,2,32,17,8.0,44,72.72,0,0,1,2,0,2022,2025,T20
161,Australia,TR Birt,4,3,0,31,17,10.33,33,93.93,0,0,0,3,1,2010,2012,T20
162,Australia,NT Ellis,26,7,3,30,12,7.5,49,61.22,0,0,1,1,1,2021,2025,T20
163,Australia,JR Hazlewood,53,11,8,29,13,9.66,28,103.57,0,0,2,2,1,2013,2025,T20
164,Australia,PM Nevill,9,5,4,25,10,25.0,11,227.27,0,0,0,1,2,2016,2016,T20
165,Australia,JN Gillespie,1,1,0,24,24,24.0,18,133.33,0,0,0,4,0,2005,2005,T20
166,Australia,MJ North,1,1,0,20,20,20.0,21,95.23,0,0,0,1,0,2009,2009,T20
167,Australia,CJ McKay,6,4,2,19,7,9.5,22,86.36,0,0,1,1,1,2010,2013,T20
168,Australia,XJ Doherty,11,4,3,18,9,18.0,17,105.88,0,0,0,1,0,2012,2013,T20
169,Australia,KW Richardson,36,7,3,17,9,4.25,17,100.0,0,0,1,0,0,2014,2023,T20
170,Australia,DP Nannes,15,4,3,16,12,16.0,11,145.45,0,0,0,1,1,2009,2010,T20
171,Australia,BJ Rohrer,1,1,0,16,16,16.0,14,114.28,0,0,0,0,1,2013,2013,T20
172,Australia,CJ Ferguson,3,3,0,16,8,5.33,19,84.21,0,0,1,1,0,2009,2009,T20
173,Australia,LA Pomersbach,1,1,0,15,15,15.0,7,214.28,0,0,0,1,1,2007,2007,T20
174,Australia,NW Bracken,19,6,3,15,4,5.0,22,68.18,0,0,1,1,0,2006,2009,T20
175,Australia,XC Bartlett,8,3,0,14,9,4.66,18,77.77,0,0,1,2,0,2024,2025,T20
176,Australia,C Connolly,6,2,0,13,13,6.5,10,130.0,0,0,1,1,1,2024,2025,T20
177,Australia,SW Tait,21,6,2,11,6,2.75,15,73.33,0,0,1,0,1,2007,2016,T20
178,Australia,B Stanlake,19,2,1,9,7,9.0,12,75.0,0,0,0,0,1,2017,2019,T20
179,Australia,JP Behrendorff,17,2,1,7,5,7.0,9,77.77,0,0,0,0,0,2017,2024,T20
180,Australia,PJ Hughes,1,1,0,6,6,6.0,8,75.0,0,0,0,1,0,2014,2014,T20
181,Australia,NM Hauritz,3,2,0,6,4,3.0,10,60.0,0,0,0,1,0,2009,2009,T20
182,Australia,JL Pattinson,4,2,2,5,5,0.0,3,166.66,0,0,0,1,0,2011,2012,T20
183,Australia,GD McGrath,2,1,0,5,5,5.0,12,41.66,0,0,0,0,0,2005,2005,T20
184,Australia,NM Lyon,2,1,1,4,4,0.0,4,100.0,0,0,0,0,0,2016,2018,T20
185,Australia,CJ Boyce,7,2,1,4,3,4.0,7,57.14,0,0,0,0,0,2014,2016,T20
186,Australia,NJ Reardon,2,1,0,4,4,4.0,8,50.0,0,0,0,0,0,2014,2014,T20
187,Australia,JM Muirhead,5,2,1,4,3,4.0,8,50.0,0,0,0,0,0,2014,2014,T20
188,Australia,MS Kasprowicz,2,1,1,3,3,0.0,5,60.0,0,0,0,0,0,2005,2005,T20
189,Australia,Fawad Ahmed,2,1,1,3,3,0.0,5,60.0,0,0,0,0,0,2013,2013,T20
190,Australia,RJ Harris,3,1,1,2,2,0.0,1,200.0,0,0,0,0,0,2010,2010,T20
191,Australia,CJ Green,1,1,1,2,2,0.0,3,66.66,0,0,0,0,0,2023,2023,T20
192,Australia,M Labuschagne,1,1,0,2,2,2.0,4,50.0,0,0,0,0,0,2022,2022,T20
193,Australia,T Sangha,7,1,1,2,2,0.0,4,50.0,0,0,0,0,0,2023,2023,T20
194,Australia,BW Hilfenhaus,7,3,1,2,2,1.0,10,20.0,0,0,1,0,0,2007,2012,T20
195,Australia,PM Siddle,2,1,1,1,1,0.0,1,100.0,0,0,0,0,0,2009,2010,T20
196,Australia,JD Wildermuth,2,1,1,1,1,0.0,1,100.0,0,0,0,0,0,2018,2018,T20
197,Australia,DE Bollinger,9,2,2,1,1,0.0,1,100.0,0,0,0,0,0,2011,2014,T20
199,Bangladesh,Shakib Al Hasan,129,127,17,2551,84,23.19,2105,121.18,0,13,9,258,53,2006,2024,T20
200,Bangladesh,Mahmudullah,141,130,26,2444,64,23.5,2082,117.38,0,8,5,184,77,2007,2024,T20
201,Bangladesh,Litton Das,107,105,3,2292,83,22.47,1834,124.97,0,12,6,221,71,2015,2025,T20
202,Bangladesh,Tamim Iqbal,74,74,5,1701,103,24.65,1448,117.47,1,7,6,180,44,2007,2020,T20
203,Bangladesh,Mushfiqur Rahim,102,93,16,1500,72,19.48,1304,115.03,0,6,8,126,37,2006,2022,T20
204,Bangladesh,Soumya Sarkar,87,86,4,1462,68,17.82,1197,122.13,0,5,13,145,55,2015,2024,T20
205,Bangladesh,Afif Hossain,70,64,9,1117,77,20.3,938,119.08,0,3,6,83,38,2018,2024,T20
206,Bangladesh,Najmul Hossain Shanto,50,48,5,987,71,22.95,905,109.06,0,4,0,89,20,2019,2025,T20
207,Bangladesh,Sabbir Rahman,48,47,5,977,80,23.26,819,119.29,0,4,3,92,29,2014,2022,T20
208,Bangladesh,Towhid Hridoy,43,40,6,900,63,26.47,719,125.17,0,3,3,60,37,2023,2025,T20
209,Bangladesh,Mohammad Naim,38,38,2,860,81,23.88,841,102.25,0,4,2,77,18,2019,2025,T20
210,Bangladesh,Tanzid Hasan,29,29,3,655,73,25.19,508,128.93,0,5,4,64,32,2024,2025,T20
211,Bangladesh,Jaker Ali,33,30,9,571,72,27.19,452,126.32,0,3,1,28,37,2023,2025,T20
212,Bangladesh,Mohammad Ashraful,23,23,0,450,65,19.56,356,126.4,0,2,2,48,11,2007,2013,T20
213,Bangladesh,Nurul Hasan,46,41,14,445,42,16.48,376,118.35,0,0,4,27,16,2016,2022,T20
214,Bangladesh,Anamul Haque,20,20,2,445,58,24.72,395,112.65,0,1,1,46,14,2012,2022,T20
215,Bangladesh,Shamim Hossain,34,27,5,426,51,19.36,331,128.7,0,1,0,42,15,2021,2025,T20
216,Bangladesh,Mehidy Hasan Miraz,34,29,4,418,46,16.72,358,116.75,0,0,2,37,10,2017,2025,T20
217,Bangladesh,Mahedi Hasan,61,43,10,401,33,12.15,400,100.25,0,0,8,29,13,2018,2025,T20
218,Bangladesh,Mosaddek Hossain,33,31,10,389,48,18.52,341,114.07,0,0,4,26,11,2016,2022,T20
219,Bangladesh,Mashrafe Mortaza,54,39,11,377,36,13.46,277,136.1,0,0,6,28,23,2006,2017,T20
220,Bangladesh,Parvez Hossain Emon,17,17,1,373,100,23.31,269,138.66,1,2,5,30,25,2022,2025,T20
221,Bangladesh,Nasir Hossain,31,24,4,370,50,18.5,326,113.49,0,2,2,30,7,2011,2016,T20
222,Bangladesh,Mohammad Saifuddin,41,23,12,247,39,22.45,216,114.35,0,0,2,19,9,2017,2025,T20
223,Bangladesh,Aftab Ahmed,11,11,1,228,62,22.8,178,128.08,0,1,0,26,6,2006,2010,T20
224,Bangladesh,Rony Talukdar,11,10,0,224,67,22.4,165,135.75,0,1,0,24,7,2015,2023,T20
225,Bangladesh,Taskin Ahmed,76,36,16,200,31,10.0,210,95.23,0,0,6,18,6,2014,2025,T20
226,Bangladesh,Nazimuddin,7,7,0,178,81,25.42,158,112.65,0,1,2,13,10,2007,2008,T20
227,Bangladesh,Rishad Hossain,40,25,6,170,53,8.94,131,129.77,0,1,4,9,14,2023,2025,T20
228,Bangladesh,Junaid Siddique,7,7,0,159,71,22.71,108,147.22,0,1,1,16,7,2007,2012,T20
229,Bangladesh,Tanzim Hasan Sakib,28,17,7,139,50,13.9,134,103.73,0,1,1,8,7,2023,2025,T20
230,Bangladesh,Naeem Islam,10,10,1,130,28,14.44,114,114.03,0,0,0,8,7,2008,2013,T20
231,Bangladesh,Yasir Ali,11,11,3,128,42,16.0,90,142.22,0,0,0,12,5,2022,2023,T20
232,Bangladesh,Mohammad Mithun,17,13,1,127,47,10.58,136,93.38,0,0,2,10,4,2014,2021,T20
233,Bangladesh,Imrul Kayes,14,13,0,119,36,9.15,134,88.8,0,0,4,14,3,2010,2017,T20
234,Bangladesh,Ziaur Rahman,14,12,3,117,40,13.0,91,128.57,0,0,3,3,10,2012,2014,T20
235,Bangladesh,Mustafizur Rahman,111,33,14,87,15,4.57,117,74.35,0,0,7,3,5,2015,2025,T20
236,Bangladesh,Shamsur Rahman,9,8,0,86,53,10.75,85,101.17,0,1,2,12,1,2013,2014,T20
237,Bangladesh,Nasum Ahmed,36,17,9,77,19,9.62,82,93.9,0,0,4,6,2,2021,2025,T20
238,Bangladesh,Farhad Reza,13,9,0,72,19,8.0,88,81.81,0,0,1,4,2,2006,2014,T20
239,Bangladesh,Shoriful Islam,50,21,8,66,16,5.07,56,117.85,0,0,4,7,3,2021,2025,T20
240,Bangladesh,Mominul Haque,6,4,1,60,26,20.0,50,120.0,0,0,0,5,2,2012,2014,T20
241,Bangladesh,Ariful Haque,9,8,4,59,18,14.75,61,96.72,0,0,1,4,0,2018,2018,T20
242,Bangladesh,Abu Hider,13,5,4,58,22,58.0,43,134.88,0,0,0,5,4,2016,2018,T20
243,Bangladesh,Sohag Gazi,10,7,3,57,24,14.25,59,96.61,0,0,0,3,1,2012,2015,T20
244,Bangladesh,Alok Kapali,7,7,2,57,19,11.4,85,67.05,0,0,2,3,1,2007,2011,T20
245,Bangladesh,Saif Hassan,5,5,1,52,50,13.0,64,81.25,0,1,2,1,3,2021,2023,T20
246,Bangladesh,Raqibul Hasan,5,5,0,51,18,10.2,62,82.25,0,0,0,3,1,2008,2010,T20
247,Bangladesh,Hasan Mahmud,26,9,7,50,26,25.0,51,98.03,0,0,1,0,4,2020,2025,T20
248,Bangladesh,Abdur Razzak,34,20,10,41,9,4.1,74,55.4,0,0,5,1,0,2006,2014,T20
249,Bangladesh,Shuvagata Hom,5,4,2,35,16,17.5,35,100.0,0,0,0,3,1,2016,2016,T20
250,Bangladesh,Aminul Islam,10,7,4,35,9,11.66,41,85.36,0,0,0,4,0,2019,2021,T20
251,Bangladesh,Arafat Sunny,10,6,3,34,10,11.33,30,113.33,0,0,0,3,1,2014,2016,T20
252,Bangladesh,Munim Shahriar,5,5,0,34,17,6.8,47,72.34,0,0,0,5,0,2022,2022,T20
253,Bangladesh,Jahurul Islam,3,3,0,31,18,10.33,23,134.78,0,0,0,3,1,2010,2013,T20
254,Bangladesh,Nadif Chowdhury,3,3,0,27,12,9.0,23,117.39,0,0,0,2,0,2006,2007,T20
255,Bangladesh,Shahadat Hossain,3,2,0,26,21,13.0,33,78.78,0,0,0,3,0,2023,2023,T20
256,Bangladesh,Shahriar Nafees,1,1,0,25,25,25.0,17,147.05,0,0,0,3,1,2006,2006,T20
257,Bangladesh,Shafiul Islam,20,6,1,23,16,4.6,33,69.69,0,0,1,1,1,2010,2020,T20
258,Bangladesh,Rubel Hossain,28,15,10,20,8,4.0,36,55.55,0,0,4,1,0,2009,2021,T20
259,Bangladesh,Muktar Ali,1,1,1,19,19,0.0,15,126.66,0,0,0,1,1,2016,2016,T20
260,Bangladesh,Rakibul Hasan,3,2,1,18,14,18.0,7,257.14,0,0,0,3,1,2023,2023,T20
261,Bangladesh,Nazmul Islam,13,4,3,18,7,18.0,17,105.88,0,0,0,2,0,2018,2018,T20
262,Bangladesh,Mehrab Hossain jnr,2,2,1,16,10,16.0,25,64.0,0,0,0,1,0,2008,2009,T20
263,Bangladesh,Abul Hasan,5,2,0,14,9,7.0,11,127.27,0,0,0,2,0,2012,2018,T20
264,Bangladesh,Mohammad Rafique,1,1,0,13,13,13.0,5,260.0,0,0,0,3,0,2006,2006,T20
265,Bangladesh,Tanvir Islam,6,3,2,12,8,12.0,16,75.0,0,0,0,1,0,2023,2025,T20
266,Bangladesh,Zakir Hasan,4,4,0,11,10,2.75,19,57.89,0,0,2,1,0,2018,2023,T20
267,Bangladesh,Elias Sunny,7,4,2,9,5,4.5,9,100.0,0,0,0,1,0,2012,2012,T20
268,Bangladesh,Shahadat Hossain,6,5,3,8,4,4.0,12,66.66,0,0,1,0,0,2006,2013,T20
269,Bangladesh,Syed Rasel,8,3,1,7,6,3.5,9,77.77,0,0,0,1,0,2007,2008,T20
270,Bangladesh,Al-Amin Hossain,31,6,4,7,5,3.5,12,58.33,0,0,1,1,0,2013,2020,T20
271,Bangladesh,Mahmudul Hasan Joy,3,2,0,5,5,2.5,10,50.0,0,0,1,0,0,2023,2023,T20
272,Bangladesh,Nazmus Sadat,1,1,0,4,4,4.0,3,133.33,0,0,0,0,0,2006,2006,T20
273,Bangladesh,Mrittunjoy Chowdhury,1,1,0,4,4,4.0,11,36.36,0,0,0,0,0,2023,2023,T20
274,Bangladesh,Abu Jayed,3,2,0,3,2,1.5,7,42.85,0,0,0,0,0,2018,2018,T20
275,Bangladesh,Nazmul Hossain,4,2,2,3,3,0.0,15,20.0,0,0,0,0,0,2009,2012,T20
276,Bangladesh,Dhiman Ghosh,1,1,0,1,1,1.0,2,50.0,0,0,0,0,0,2008,2008,T20
277,Bangladesh,Sohrawordi Shuvo,1,1,1,1,1,0.0,3,33.33,0,0,0,0,0,2010,2010,T20
279,England,JC Buttler,137,126,23,3700,101,35.92,2516,147.05,1,27,8,333,160,2011,2025,T20
280,England,EJG Morgan,115,107,21,2458,91,28.58,1805,136.17,0,14,3,186,120,2009,2022,T20
281,England,AD Hales,75,75,8,2074,116,30.95,1499,138.35,1,12,5,225,70,2011,2022,T20
282,England,DJ Malan,62,60,8,1892,103,36.38,1428,132.49,1,16,2,194,62,2017,2023,T20
283,England,JM Bairstow,80,72,16,1671,90,29.83,1215,137.53,0,10,6,148,76,2011,2024,T20
284,England,JJ Roy,64,64,1,1522,78,24.15,1106,137.61,0,8,7,153,69,2014,2022,T20
285,England,MM Ali,92,75,17,1229,72,21.18,863,142.41,0,7,9,88,68,2014,2024,T20
286,England,PD Salt,43,40,5,1193,119,34.08,726,164.32,3,5,4,116,61,2022,2025,T20
287,England,KP Pietersen,37,36,5,1176,79,37.93,831,141.51,0,7,1,119,32,2005,2013,T20
288,England,LS Livingstone,60,47,9,955,103,25.13,641,148.98,1,2,3,54,59,2017,2025,T20
289,England,JE Root,32,30,5,893,90,35.72,707,126.3,0,5,2,92,16,2012,2019,T20
290,England,HC Brook,47,40,10,873,81,29.1,593,147.21,0,4,0,70,38,2022,2025,T20
291,England,LJ Wright,51,45,5,759,99,18.97,554,137.0,0,4,9,68,31,2007,2014,T20
292,England,RS Bopara,38,35,10,711,65,28.44,599,118.69,0,3,0,54,17,2008,2014,T20
293,England,BA Stokes,43,36,9,585,52,21.66,457,128.0,0,1,1,42,22,2011,2022,T20
294,England,PD Collingwood,35,33,2,583,79,18.8,459,127.01,0,3,3,37,24,2005,2011,T20
295,England,MJ Lumb,27,27,1,552,63,21.23,413,133.65,0,3,1,64,21,2010,2014,T20
296,England,BM Duckett,20,20,2,527,84,29.27,343,153.64,0,3,1,69,8,2019,2025,T20
297,England,C Kieswetter,25,25,1,526,63,21.91,470,111.91,0,3,2,47,23,2010,2012,T20
298,England,SW Billings,36,32,5,474,87,17.55,362,130.93,0,2,1,40,16,2015,2022,T20
299,England,JM Vince,17,17,0,463,59,27.23,361,128.25,0,2,0,47,14,2015,2022,T20
300,England,CJ Jordan,95,57,25,439,36,13.71,340,129.11,0,0,3,31,21,2014,2024,T20
301,England,WG Jacks,26,23,0,399,40,17.34,293,136.17,0,0,1,41,15,2022,2025,T20
302,England,T Banton,17,16,1,360,73,24.0,236,152.54,0,2,0,32,19,2019,2025,T20
303,England,SM Curran,58,34,9,356,50,14.24,286,124.47,0,1,0,21,15,2019,2024,T20
304,England,OA Shah,17,15,1,347,55,24.78,284,122.18,0,1,0,26,13,2007,2009,T20
305,England,JG Bethell,13,12,5,281,62,40.14,182,154.39,0,2,0,16,19,2024,2025,T20
306,England,DJ Willey,43,26,11,226,33,15.06,173,130.63,0,0,2,15,13,2015,2022,T20
307,England,TT Bresnan,34,22,9,216,47,16.61,170,127.05,0,0,3,16,6,2006,2014,T20
308,England,SR Patel,18,14,2,189,67,15.75,173,109.24,0,1,2,17,5,2011,2013,T20
309,England,IR Bell,8,8,1,188,60,26.85,163,115.33,0,1,0,23,2,2006,2014,T20
310,England,ME Trescothick,3,3,0,166,72,55.33,131,126.71,0,2,0,23,1,2005,2006,T20
311,England,AU Rashid,127,41,20,155,22,7.38,175,88.57,0,0,3,12,1,2009,2025,T20
312,England,CR Woakes,33,17,8,147,37,16.33,117,125.64,0,0,2,9,7,2011,2023,T20
313,England,IJL Trott,7,7,1,138,51,23.0,144,95.83,0,1,0,9,3,2007,2010,T20
314,England,JL Smith,5,5,0,130,60,26.0,67,194.02,0,1,0,9,10,2025,2025,T20
315,England,MJ Prior,10,8,2,127,32,21.16,100,127.0,0,0,1,11,5,2007,2010,T20
316,England,JL Denly,13,12,2,125,30,12.5,118,105.93,0,0,2,15,1,2009,2020,T20
317,England,AD Mascarenhas,14,13,5,123,31,15.37,100,123.0,0,0,3,8,5,2007,2009,T20
318,England,SCJ Broad,56,26,10,118,18,7.37,118,100.0,0,0,2,7,3,2006,2014,T20
319,England,DL Maddy,4,4,0,113,50,28.25,80,141.25,0,1,0,12,3,2007,2007,T20
320,England,GP Swann,39,16,11,104,34,20.8,89,116.85,0,0,2,9,1,2008,2012,T20
321,England,SM Davies,5,5,0,102,33,20.4,82,124.39,0,0,0,12,0,2009,2011,T20
322,England,MH Yardy,14,8,5,96,35,32.0,72,133.33,0,0,3,9,1,2006,2011,T20
323,England,JC Archer,34,12,5,82,21,11.71,62,132.25,0,0,3,6,4,2019,2025,T20
324,England,A Flintoff,7,7,1,76,31,12.66,60,126.66,0,0,1,7,2,2005,2007,T20
325,England,VS Solanki,3,3,0,76,43,25.33,61,124.59,0,0,0,10,1,2005,2007,T20
326,England,AJ Strauss,4,4,0,73,33,18.25,64,114.06,0,0,1,9,0,2005,2009,T20
327,England,TK Curran,30,13,7,64,14,10.66,56,114.28,0,0,0,1,4,2017,2021,T20
328,England,AN Cook,4,4,0,61,26,15.25,54,112.96,0,0,0,10,0,2007,2009,T20
329,England,P Mustard,2,2,0,60,40,30.0,37,162.16,0,0,0,5,4,2008,2008,T20
330,England,JWM Dalrymple,3,3,0,60,32,20.0,57,105.26,0,0,0,6,0,2006,2007,T20
331,England,LA Dawson,14,5,1,57,34,14.25,36,158.33,0,0,0,8,2,2016,2025,T20
332,England,J Overton,12,8,2,50,19,8.33,47,106.38,0,0,1,3,1,2024,2025,T20
333,England,L Gregory,9,7,1,45,15,7.5,41,109.75,0,0,1,2,2,2019,2021,T20
334,England,BA Carse,11,7,2,43,31,8.6,34,126.47,0,0,2,2,3,2023,2025,T20
335,England,LE Plunkett,22,11,4,42,18,6.0,34,123.52,0,0,3,3,1,2006,2019,T20
336,England,Rehan Ahmed,10,6,2,38,11,9.5,29,131.03,0,0,1,4,2,2023,2024,T20
337,England,JS Foster,5,5,2,37,14,12.33,32,115.62,0,0,0,0,1,2009,2009,T20
338,England,S Mahmood,19,9,4,35,12,7.0,45,77.77,0,0,1,2,1,2019,2025,T20
339,England,GO Jones,2,2,1,33,19,33.0,25,132.0,0,0,0,5,0,2005,2006,T20
340,England,JC Tredwell,17,6,3,32,22,10.66,20,160.0,0,0,1,4,1,2012,2014,T20
341,England,PA Nixon,1,1,1,31,31,0.0,22,140.9,0,0,0,2,1,2007,2007,T20
342,England,MP Vaughan,2,2,0,27,27,13.5,22,122.72,0,0,1,4,0,2005,2007,T20
343,England,MA Wood,38,7,5,27,10,13.5,28,96.42,0,0,1,2,0,2015,2025,T20
344,England,CP Schofield,4,4,3,24,9,24.0,20,120.0,0,0,0,2,0,2007,2007,T20
345,England,JW Dernbach,34,7,2,24,12,4.8,21,114.28,0,0,1,3,0,2011,2014,T20
346,England,JM Cox,2,2,0,17,17,8.5,14,121.42,0,0,1,3,0,2024,2024,T20
347,England,RJW Topley,35,10,8,17,9,8.5,20,85.0,0,0,1,1,0,2015,2024,T20
348,England,SG Borthwick,1,1,0,14,14,14.0,16,87.5,0,0,0,2,0,2011,2011,T20
349,England,ST Finn,21,3,3,14,8,0.0,19,73.68,0,0,0,1,0,2011,2015,T20
350,England,CMW Read,1,1,0,13,13,13.0,11,118.18,0,0,0,2,0,2006,2006,T20
351,England,RWT Key,1,1,1,10,10,0.0,8,125.0,0,0,0,0,0,2009,2009,T20
352,England,AAP Atkinson,4,2,1,10,8,10.0,23,43.47,0,0,0,0,0,2023,2025,T20
353,England,DR Mousley,4,1,0,8,8,8.0,6,133.33,0,0,0,0,1,2024,2024,T20
354,England,TS Mills,15,5,2,8,7,2.66,12,66.66,0,0,2,0,1,2016,2023,T20
355,England,MA Carberry,1,1,0,7,7,7.0,7,100.0,0,0,0,1,0,2014,2014,T20
356,England,JN Snape,1,1,0,7,7,7.0,11,63.63,0,0,0,0,0,2007,2007,T20
357,England,RJ Sidebottom,18,1,1,5,5,0.0,4,125.0,0,0,0,1,0,2007,2010,T20
358,England,MW Parkinson,6,4,0,5,5,1.25,11,45.45,0,0,3,1,0,2019,2022,T20
359,England,GJ Batty,1,1,0,4,4,4.0,7,57.14,0,0,0,0,0,2009,2009,T20
360,England,PR Brown,4,1,1,4,4,0.0,9,44.44,0,0,0,0,0,2019,2019,T20
361,England,L Wood,7,1,0,3,3,3.0,4,75.0,0,0,0,0,0,2022,2025,T20
362,England,A Khan,1,1,0,2,2,2.0,4,50.0,0,0,0,0,0,2009,2009,T20
363,England,GHS Garton,1,1,0,2,2,2.0,4,50.0,0,0,0,0,0,2022,2022,T20
364,England,RJ Gleeson,6,2,0,2,2,1.0,4,50.0,0,0,1,0,0,2022,2022,T20
365,England,RJ Kirtley,1,1,1,2,2,0.0,4,50.0,0,0,0,0,0,2007,2007,T20
366,England,SD Parry,5,1,0,1,1,1.0,1,100.0,0,0,0,0,0,2014,2015,T20
367,England,MS Panesar,1,1,0,1,1,1.0,2,50.0,0,0,0,0,0,2007,2007,T20
368,England,JM Anderson,19,4,3,1,1,1.0,2,50.0,0,0,1,0,0,2007,2009,T20
369,England,SI Mahmood,4,2,2,1,1,0.0,2,50.0,0,0,0,0,0,2006,2009,T20
370,England,EC Joyce,2,1,0,1,1,1.0,3,33.33,0,0,0,0,0,2006,2007,T20
371,England,J Lewis,2,2,1,1,1,1.0,4,25.0,0,0,0,0,0,2005,2007,T20
373,New,MJ Guptill,122,118,7,3531,105,31.81,2602,135.7,2,20,3,309,173,2009,2022,T20
374,New,KS Williamson,93,90,13,2575,95,33.44,2092,123.08,0,18,4,245,58,2011,2024,T20
375,New,BB McCullum,71,70,10,2140,123,35.66,1571,136.21,2,13,3,199,91,2005,2015,T20
376,New,GD Phillips,83,74,12,1929,108,31.11,1372,140.59,2,10,3,138,91,2017,2025,T20
377,New,LRPL Taylor,102,94,21,1909,63,26.15,1560,122.37,0,7,6,121,71,2006,2020,T20
378,New,TL Seifert,71,68,9,1736,97,29.42,1220,142.29,0,12,5,153,84,2018,2025,T20
379,New,C Munro,65,62,7,1724,109,31.34,1102,156.44,3,11,5,132,107,2012,2020,T20
380,New,DP Conway,54,50,10,1542,99,38.55,1198,128.71,0,11,1,150,40,2020,2025,T20
381,New,DJ Mitchell,79,74,17,1540,72,27.01,1118,137.74,0,8,2,105,57,2019,2025,T20
382,New,MS Chapman,71,62,13,1360,104,27.75,969,140.35,1,8,4,116,57,2018,2025,T20
383,New,FH Allen,52,52,1,1285,137,25.19,787,163.27,2,5,5,113,89,2021,2025,T20
384,New,JDS Neesham,84,67,21,955,48,20.76,629,151.82,0,0,7,73,51,2012,2025,T20
385,New,MJ Santner,114,76,32,735,77,16.7,612,120.09,0,1,5,55,24,2015,2025,T20
386,New,SB Styris,31,29,2,578,66,21.4,483,119.66,0,1,0,40,25,2005,2010,T20
387,New,TWM Latham,26,23,3,516,65,25.8,474,108.86,0,3,1,42,8,2012,2023,T20
388,New,C de Grandhomme,41,39,7,505,59,15.78,365,138.35,0,3,6,27,30,2012,2021,T20
389,New,CJ Anderson,31,24,4,485,94,24.25,351,138.17,0,2,3,30,26,2012,2018,T20
390,New,JDP Oram,36,30,7,474,66,20.6,339,139.82,0,2,3,38,22,2005,2012,T20
391,New,JEC Franklin,38,31,8,463,60,20.13,391,118.41,0,2,2,28,23,2006,2013,T20
392,New,JD Ryder,22,21,1,457,62,22.85,358,127.65,0,3,2,47,18,2008,2014,T20
393,New,R Ravindra,30,28,6,452,69,20.54,332,136.14,0,3,2,34,19,2021,2025,T20
394,New,MG Bracewell,36,25,9,382,61,23.87,274,139.41,0,2,4,32,16,2022,2025,T20
395,New,WA Young,20,19,0,344,56,18.1,338,101.77,0,2,0,35,10,2021,2024,T20
396,New,RJ Nicol,21,19,0,327,58,17.21,296,110.47,0,2,2,33,11,2010,2013,T20
397,New,L Ronchi,29,23,6,312,51,18.35,227,137.44,0,1,4,22,13,2013,2017,T20
398,New,TG Southee,126,50,23,303,39,11.22,218,138.99,0,0,6,20,18,2008,2024,T20
399,New,NL McCullum,63,41,15,299,36,11.5,297,100.67,0,0,4,19,8,2007,2016,T20
400,New,TC Bruce,17,17,2,279,59,18.6,228,122.36,0,2,2,24,7,2017,2020,T20
401,New,TB Robinson,12,12,2,278,75,27.8,213,130.51,0,2,2,23,11,2024,2025,T20
402,New,DL Vettori,34,22,6,205,38,12.81,190,107.89,0,0,3,14,2,2007,2014,T20
403,New,IS Sodhi,126,39,12,198,19,7.33,194,102.06,0,0,6,12,9,2014,2025,T20
404,New,CD McMillan,8,7,1,187,57,31.16,117,159.82,0,1,0,8,14,2005,2007,T20
405,New,CJ Bowes,11,11,0,187,54,17.0,156,119.87,0,1,1,27,2,2023,2023,T20
406,New,L Vincent,9,9,0,174,42,19.33,174,100.0,0,0,1,17,3,2006,2007,T20
407,New,GD Elliott,16,14,4,157,27,15.7,149,105.36,0,0,0,10,2,2009,2016,T20
408,New,HD Rutherford,8,7,0,151,62,21.57,105,143.8,0,1,1,12,9,2013,2019,T20
409,New,KD Mills,42,19,7,137,33,11.41,123,111.38,0,0,4,11,5,2005,2014,T20
410,New,PG Fulton,12,12,1,127,25,11.54,140,90.71,0,0,2,7,6,2006,2012,T20
411,New,AJ Redmond,7,6,0,126,63,21.0,84,150.0,0,1,0,19,2,2009,2010,T20
412,New,DAJ Bracewell,20,11,5,126,44,21.0,90,140.0,0,0,2,6,9,2011,2021,T20
413,New,D Cleaver,9,7,1,122,78,20.33,101,120.79,0,1,1,10,5,2022,2023,T20
414,New,AP Devcich,4,4,0,111,59,27.75,79,140.5,0,1,0,17,2,2013,2014,T20
415,New,SP Fleming,5,5,0,110,38,22.0,85,129.41,0,0,0,20,0,2005,2006,T20
416,New,CE McConchie,12,9,3,100,31,16.66,95,105.26,0,0,2,7,0,2021,2024,T20
417,New,HM Nicholls,10,9,1,100,36,12.5,112,89.28,0,0,0,9,0,2016,2021,T20
418,New,TA Blundell,9,8,2,91,30,15.16,94,96.8,0,0,0,10,0,2017,2024,T20
419,New,GH Worker,2,2,0,90,62,45.0,64,140.62,0,1,0,6,5,2015,2015,T20
420,New,D Foxcroft,5,4,0,88,34,22.0,79,111.39,0,0,0,2,5,2023,2024,T20
421,New,MJ Hay,11,9,2,87,41,12.42,68,127.94,0,0,2,5,4,2024,2025,T20
422,New,GJ Hopkins,10,8,0,86,36,10.75,71,121.12,0,0,0,5,5,2007,2010,T20
423,New,AF Milne,56,21,11,83,16,8.3,86,96.51,0,0,3,1,6,2010,2025,T20
424,New,SC Kuggeleijn,18,8,4,79,35,19.75,37,213.51,0,0,2,5,7,2019,2021,T20
425,New,JA Clarkson,8,5,1,75,38,18.75,71,105.63,0,0,1,4,4,2024,2024,T20
426,New,NJ Astle,4,4,1,74,40,24.66,67,110.44,0,0,0,7,2,2005,2006,T20
427,New,NT Broom,11,7,1,73,36,12.16,68,107.35,0,0,0,8,1,2009,2017,T20
428,New,PD McGlashan,11,9,1,61,26,7.62,64,95.31,0,0,0,6,2,2006,2010,T20
429,New,ZGF Foulkes,13,7,4,59,27,19.66,41,143.9,0,0,1,3,2,2024,2025,T20
430,New,DR Flynn,5,5,0,59,23,11.8,51,115.68,0,0,0,1,4,2008,2012,T20
431,New,TA Boult,61,15,8,58,16,8.28,64,90.62,0,0,1,3,2,2013,2024,T20
432,New,JM How,5,5,0,56,31,11.2,67,83.58,0,0,0,5,1,2007,2008,T20
433,New,KA Jamieson,15,6,3,49,30,16.33,34,144.11,0,0,1,7,0,2020,2025,T20
434,New,BJ Jacobs,3,2,1,44,44,44.0,32,137.5,0,0,1,1,3,2025,2025,T20
435,New,AK Kitchen,5,4,1,38,16,12.66,32,118.75,0,0,0,3,1,2017,2018,T20
436,New,BJ Watling,5,4,0,38,22,9.5,58,65.51,0,0,0,3,0,2009,2014,T20
437,New,BM Wheeler,6,4,2,37,30,18.5,28,132.14,0,0,0,3,2,2017,2018,T20
438,New,RM Hira,15,3,1,37,20,18.5,33,112.12,0,0,0,4,1,2012,2013,T20
439,New,LH Ferguson,43,15,7,29,14,3.62,36,80.55,0,0,4,0,2,2017,2024,T20
440,New,AM Ellis,5,5,2,25,16,8.33,21,119.04,0,0,0,1,1,2012,2013,T20
441,New,MJ Henry,25,7,3,24,12,6.0,27,88.88,0,0,1,2,1,2014,2025,T20
442,New,PJ Ingram,3,3,1,22,20,11.0,35,62.85,0,0,1,3,0,2010,2010,T20
443,New,SE Bond,20,8,3,21,8,4.2,21,100.0,0,0,2,2,0,2005,2010,T20
444,New,BV Sears,20,6,4,21,7,10.5,23,91.3,0,0,0,2,0,2021,2025,T20
445,New,MR Gillespie,11,6,4,21,7,10.5,29,72.41,0,0,0,0,0,2006,2008,T20
446,New,JA Duffy,27,5,2,19,8,6.33,23,82.6,0,0,1,2,0,2020,2025,T20
447,New,JW Wilson,1,1,0,18,18,18.0,14,128.57,0,0,0,2,0,2005,2005,T20
448,New,JAH Marshall,3,2,0,14,13,7.0,15,93.33,0,0,0,2,0,2005,2008,T20
449,New,MJ McClenaghan,28,7,4,14,6,4.66,15,93.33,0,0,2,1,1,2012,2016,T20
450,New,PA Hitchcock,1,1,0,13,13,13.0,11,118.18,0,0,0,1,1,2008,2008,T20
451,New,AR Adams,4,2,1,13,7,13.0,12,108.33,0,0,0,1,0,2005,2006,T20
452,New,HJH Marshall,3,3,0,12,8,4.0,14,85.71,0,0,0,0,0,2005,2006,T20
453,New,BM Tickner,18,4,2,11,5,5.5,23,47.82,0,0,0,0,0,2019,2023,T20
454,New,SHA Rance,8,3,0,10,8,3.33,21,47.61,0,0,0,0,0,2017,2019,T20
455,New,JS Patel,11,4,1,9,5,3.0,14,64.28,0,0,1,1,0,2005,2008,T20
456,New,AY Patel,7,2,0,7,4,3.5,14,50.0,0,0,0,0,0,2018,2021,T20
457,New,DG Brownlie,5,5,0,6,5,1.2,18,33.33,0,0,3,1,0,2010,2014,T20
458,New,DR Tuffey,3,2,1,5,5,5.0,5,100.0,0,0,1,1,0,2005,2010,T20
459,New,CS Martin,6,1,1,5,5,0.0,6,83.33,0,0,0,0,0,2007,2008,T20
460,New,IG Butler,19,6,5,5,2,5.0,10,50.0,0,0,0,0,0,2009,2013,T20
461,New,TD Astle,5,2,0,4,3,2.0,10,40.0,0,0,0,0,0,2016,2021,T20
462,New,CL Cairns,2,2,0,3,2,1.5,13,23.07,0,0,0,0,0,2005,2006,T20
463,New,MJ Mason,3,1,0,2,2,2.0,2,100.0,0,0,0,0,0,2006,2008,T20
464,New,HB Shipley,5,2,2,2,1,0.0,2,100.0,0,0,0,0,0,2023,2023,T20
465,New,EP Thompson,1,1,1,1,1,0.0,1,100.0,0,0,0,0,0,2008,2008,T20
466,New,HK Bennett,11,2,2,1,1,0.0,2,50.0,0,0,0,0,0,2020,2021,T20
467,New,BG Lister,12,3,1,1,1,0.5,6,16.66,0,0,1,0,0,2023,2024,T20
469,Pakistan,Babar Azam,128,121,15,4223,122,39.83,3268,129.22,3,36,7,447,73,2016,2024,T20
470,Pakistan,Mohammad Rizwan,106,93,21,3414,104,47.41,2723,125.37,1,30,5,285,95,2015,2024,T20
471,Pakistan,Mohammad Hafeez,119,108,13,2514,99,26.46,2060,122.03,0,14,7,251,76,2006,2021,T20
472,Pakistan,Shoaib Malik,123,110,33,2423,75,31.46,1928,125.67,0,9,2,195,69,2006,2021,T20
473,Pakistan,Fakhar Zaman,97,89,3,1949,91,22.66,1479,131.77,0,11,6,183,78,2017,2025,T20
474,Pakistan,Umar Akmal,84,79,14,1690,94,26.0,1377,122.73,0,8,10,122,55,2009,2019,T20
475,Pakistan,Ahmed Shehzad,59,59,2,1471,111,25.8,1282,114.74,1,7,2,157,33,2009,2019,T20
476,Pakistan,Shahid Afridi,98,90,12,1405,54,18.01,932,150.75,0,4,8,102,73,2006,2016,T20
477,Pakistan,Iftikhar Ahmed,66,55,14,998,62,24.34,773,129.1,0,4,2,66,44,2016,2024,T20
478,Pakistan,Kamran Akmal,58,53,6,987,73,21.0,825,119.63,0,5,7,100,31,2006,2017,T20
479,Pakistan,Sarfaraz Ahmed,61,42,12,818,89,27.26,653,125.26,0,3,2,79,15,2010,2021,T20
480,Pakistan,Shadab Khan,112,58,14,792,52,18.0,565,140.17,0,1,6,56,38,2017,2025,T20
481,Pakistan,Misbah-ul-Haq,39,34,13,788,87,37.52,715,110.2,0,3,2,45,26,2007,2012,T20
482,Pakistan,Saim Ayub,36,34,2,705,98,22.03,514,137.15,0,3,4,75,31,2023,2025,T20
483,Pakistan,Salman Butt,24,23,2,595,74,28.33,551,107.98,0,3,1,66,10,2007,2010,T20
484,Pakistan,Asif Ali,58,51,13,577,41,15.18,431,133.87,0,0,4,27,37,2018,2023,T20
485,Pakistan,Imad Wasim,75,50,15,554,64,15.82,426,130.04,0,1,6,55,12,2015,2024,T20
486,Pakistan,Mohammad Nawaz,66,43,12,518,45,16.7,391,132.48,0,0,5,40,27,2016,2025,T20
487,Pakistan,Haider Ali,35,32,3,505,68,17.41,405,124.69,0,3,3,43,22,2020,2023,T20
488,Pakistan,Imran Nazir,25,24,1,500,72,21.73,370,135.13,0,3,2,59,22,2007,2012,T20
489,Pakistan,Younis Khan,25,23,3,442,51,22.1,364,121.42,0,2,2,31,12,2006,2010,T20
490,Pakistan,Khushdil Shah,37,32,8,430,36,17.91,411,104.62,0,0,0,27,20,2019,2025,T20
491,Pakistan,Faheem Ashraf,57,41,10,408,51,13.16,306,133.33,0,1,5,24,25,2017,2025,T20
492,Pakistan,Sharjeel Khan,21,18,0,406,59,22.55,305,133.11,0,2,0,53,15,2013,2021,T20
493,Pakistan,Shan Masood,19,17,4,395,65,30.38,324,121.91,0,3,2,30,7,2022,2022,T20
494,Pakistan,Hussain Talat,19,19,2,395,63,23.23,337,117.21,0,2,1,37,5,2018,2025,T20
495,Pakistan,Abdul Razzaq,32,29,10,393,46,20.68,337,116.61,0,0,2,21,21,2006,2013,T20
496,Pakistan,Mohammad Haris,23,23,2,391,107,18.61,270,144.81,1,0,3,34,22,2022,2025,T20
497,Pakistan,Agha Salman,20,18,4,380,56,27.14,328,115.85,0,3,1,38,9,2024,2025,T20
498,Pakistan,Nasir Jamshed,18,18,1,363,56,21.35,320,113.43,0,2,1,34,12,2012,2013,T20
499,Pakistan,Hasan Nawaz,14,14,2,339,105,28.25,193,175.64,1,1,5,19,27,2025,2025,T20
500,Pakistan,Sahibzada Farhan,15,15,0,315,74,21.0,248,127.01,0,3,1,22,20,2018,2025,T20
501,Pakistan,Sohaib Maqsood,26,22,2,273,37,13.65,234,116.66,0,0,2,20,11,2013,2021,T20
502,Pakistan,Usman Khan,19,17,1,239,52,14.93,196,121.93,0,1,0,21,6,2024,2025,T20
503,Pakistan,Khalid Latif,13,13,2,237,59,21.54,229,103.49,0,1,1,25,6,2008,2016,T20
504,Pakistan,Shaheen Shah Afridi,81,28,11,213,23,12.52,179,118.99,0,0,4,12,15,2018,2025,T20
505,Pakistan,Haris Sohail,14,13,2,210,52,19.09,204,102.94,0,2,1,16,3,2013,2019,T20
506,Pakistan,Sohail Tanvir,57,25,8,196,41,11.52,164,119.51,0,0,2,16,9,2007,2017,T20
507,Pakistan,Fawad Alam,24,17,6,194,28,17.63,169,114.79,0,0,1,7,7,2007,2010,T20
508,Pakistan,Mukhtar Ahmed,6,6,0,192,83,32.0,134,143.28,0,2,0,23,5,2015,2015,T20
509,Pakistan,Asad Shafiq,10,10,0,192,38,19.2,185,103.78,0,0,0,19,2,2010,2012,T20
510,Pakistan,Irfan Khan,14,11,4,189,37,27.0,140,135.0,0,0,1,20,7,2024,2025,T20
511,Pakistan,Umar Gul,60,27,9,165,32,9.16,156,105.76,0,0,6,11,10,2007,2016,T20
512,Pakistan,Wahab Riaz,36,18,6,154,30,12.83,123,125.2,0,0,2,10,7,2008,2020,T20
513,Pakistan,Umar Amin,14,9,0,142,47,15.77,123,115.44,0,0,3,15,4,2013,2018,T20
514,Pakistan,Hasan Ali,56,21,11,138,23,13.8,80,172.5,0,0,4,7,11,2016,2025,T20
515,Pakistan,Abbas Afridi,24,15,4,135,22,12.27,119,113.44,0,0,1,10,10,2024,2025,T20
516,Pakistan,Tayyab Tahir,8,7,1,123,39,20.5,104,118.26,0,0,0,12,3,2023,2024,T20
517,Pakistan,Shahzaib Hasan,10,10,0,116,35,11.6,130,89.23,0,0,3,13,3,2009,2010,T20
518,Pakistan,Anwar Ali,16,11,4,109,46,15.57,77,141.55,0,0,0,6,6,2008,2016,T20
519,Pakistan,Haris Rauf,87,27,12,100,13,6.66,97,103.09,0,0,4,7,5,2020,2025,T20
520,Pakistan,Yasir Arafat,13,11,4,92,17,13.14,79,116.45,0,0,0,8,2,2007,2012,T20
521,Pakistan,Omair Yousuf,7,7,2,91,24,18.2,83,109.63,0,0,1,8,3,2023,2025,T20
522,Pakistan,Saeed Ajmal,64,23,12,91,21,8.27,86,105.81,0,0,3,7,2,2009,2015,T20
523,Pakistan,Aamer Jamal,6,5,1,88,41,22.0,49,179.59,0,0,0,5,7,2022,2024,T20
524,Pakistan,Azam Khan,14,13,3,88,30,8.8,66,133.33,0,0,4,6,7,2021,2024,T20
525,Pakistan,Imran Farhat,7,7,0,76,19,10.85,70,108.57,0,0,1,14,0,2010,2011,T20
526,Pakistan,Awais Zia,5,5,0,70,23,14.0,80,87.5,0,0,0,4,3,2012,2014,T20
527,Pakistan,Abdul Samad,5,4,0,66,44,16.5,58,113.79,0,0,0,4,3,2025,2025,T20
528,Pakistan,Shoaib Khan,4,4,0,65,50,16.25,74,87.83,0,1,1,7,0,2008,2008,T20
529,Pakistan,Mohammad Amir,62,17,8,65,21,7.22,76,85.52,0,0,2,3,3,2009,2024,T20
530,Pakistan,Abdullah Shafique,6,6,1,64,41,12.8,53,120.75,0,0,4,5,3,2020,2023,T20
531,Pakistan,Arafat Minhas,4,3,1,60,25,30.0,56,107.14,0,0,0,5,2,2023,2024,T20
532,Pakistan,Naseem Shah,30,11,4,51,16,7.28,46,110.86,0,0,4,4,3,2022,2024,T20
533,Pakistan,Mohammad Yousuf,3,3,0,50,26,16.66,43,116.27,0,0,0,5,1,2006,2010,T20
534,Pakistan,Mohammad Wasim,29,11,7,46,12,11.5,53,86.79,0,0,1,5,1,2021,2024,T20
535,Pakistan,Saad Nasim,3,2,0,44,25,22.0,53,83.01,0,0,0,0,1,2014,2014,T20
536,Pakistan,Qasim Akram,4,3,0,41,20,13.66,45,91.11,0,0,0,6,0,2023,2024,T20
537,Pakistan,Rafatullah Mohmand,3,3,0,39,23,13.0,45,86.66,0,0,1,4,0,2015,2015,T20
538,Pakistan,Danish Aziz,2,2,0,37,22,18.5,35,105.71,0,0,0,1,1,2021,2021,T20
539,Pakistan,Mirza Baig,3,3,1,36,32,18.0,29,124.13,0,0,1,5,2,2023,2023,T20
540,Pakistan,Haseebullah Khan,3,3,0,36,24,12.0,30,120.0,0,0,1,4,1,2024,2024,T20
541,Pakistan,Usman Qadir,25,9,5,36,18,9.0,30,120.0,0,0,2,3,1,2020,2023,T20
542,Pakistan,Ahsan Ali,2,2,0,36,36,18.0,39,92.3,0,0,1,4,0,2020,2020,T20
543,Pakistan,Hammad Azam,5,4,1,34,21,11.33,34,100.0,0,0,0,3,1,2012,2013,T20
544,Pakistan,Jahandad Khan,8,5,1,29,17,7.25,34,85.29,0,0,1,0,2,2024,2025,T20
545,Pakistan,Zulfiqar Babar,7,3,3,27,13,0.0,27,100.0,0,0,0,2,1,2013,2014,T20
546,Pakistan,Mohammad Hasnain,28,11,10,24,8,24.0,26,92.3,0,0,0,2,1,2019,2024,T20
547,Pakistan,Rameez Raja,2,2,0,24,23,12.0,29,82.75,0,0,0,2,0,2011,2011,T20
548,Pakistan,Bilawal Bhatti,9,4,2,23,13,11.5,14,164.28,0,0,1,2,1,2013,2015,T20
549,Pakistan,Rohail Nazir,3,2,0,23,13,11.5,23,100.0,0,0,0,0,3,2023,2023,T20
550,Pakistan,Zulqarnain Haider,3,3,0,23,17,7.66,30,76.66,0,0,0,1,0,2007,2010,T20
551,Pakistan,Abdur Rehman,8,5,3,22,7,11.0,29,75.86,0,0,0,0,0,2007,2013,T20
552,Pakistan,Shoaib Akhtar,15,6,3,21,8,7.0,16,131.25,0,0,1,2,1,2006,2010,T20
553,Pakistan,Imam-ul-Haq,2,2,0,21,14,10.5,25,84.0,0,0,0,2,0,2019,2019,T20
554,Pakistan,Mohammad Sami,13,4,3,21,8,21.0,30,70.0,0,0,0,2,0,2010,2016,T20
555,Pakistan,Nauman Anwar,1,1,0,18,18,18.0,10,180.0,0,0,0,2,1,2015,2015,T20
556,Pakistan,Naved-ul-Hasan,4,2,1,18,17,18.0,16,112.5,0,0,0,0,2,2006,2010,T20
557,Pakistan,Raza Hasan,10,4,4,18,13,0.0,25,72.0,0,0,0,2,0,2012,2014,T20
558,Pakistan,Ahmed Daniyal,2,1,0,17,17,17.0,11,154.54,0,0,0,3,0,2025,2025,T20
559,Pakistan,Shahnawaz Dahani,11,1,0,16,16,16.0,6,266.66,0,0,0,0,2,2021,2022,T20
560,Pakistan,Aamer Yamin,2,1,1,15,15,0.0,6,250.0,0,0,0,1,1,2015,2018,T20
561,Pakistan,Yasir Shah,2,1,1,11,11,0.0,7,157.14,0,0,0,1,0,2011,2011,T20
562,Pakistan,Inzamam-ul-Haq,1,1,1,11,11,0.0,15,73.33,0,0,0,0,1,2006,2006,T20
563,Pakistan,Khurram Manzoor,3,3,0,11,10,3.66,27,40.74,0,0,1,1,0,2016,2016,T20
564,Pakistan,Mohammad Asif,11,3,3,9,5,0.0,3,300.0,0,0,0,2,0,2006,2010,T20
565,Pakistan,Sufiyan Muqeem,13,7,3,9,5,2.25,14,64.28,0,0,2,0,0,2023,2025,T20
566,Pakistan,Zaman Khan,10,2,2,8,8,0.0,9,88.88,0,0,0,0,1,2023,2024,T20
567,Pakistan,Usama Mir,5,4,1,7,5,2.33,7,100.0,0,0,1,1,0,2024,2024,T20
568,Pakistan,Ihsanullah,4,1,1,6,6,0.0,8,75.0,0,0,0,1,0,2023,2023,T20
569,Pakistan,Mohammad Salman,1,1,0,5,5,5.0,6,83.33,0,0,0,0,0,2011,2011,T20
570,Pakistan,Mohammad Irfan,22,4,4,4,2,0.0,8,50.0,0,0,0,0,0,2012,2019,T20
571,Pakistan,Junaid Khan,9,2,2,3,3,0.0,4,75.0,0,0,0,0,0,2011,2014,T20
572,Pakistan,Abrar Ahmed,14,3,2,3,2,3.0,8,37.5,0,0,0,0,0,2024,2025,T20
573,Pakistan,Usman Shinwari,16,3,3,2,2,0.0,3,66.66,0,0,0,0,0,2013,2019,T20
574,Pakistan,Sohail Khan,5,1,1,1,1,0.0,1,100.0,0,0,0,0,0,2008,2017,T20
575,Pakistan,Mohammad Ali,3,2,2,1,1,0.0,1,100.0,0,0,0,0,0,2025,2025,T20
577,South,Q de Kock,92,91,9,2584,100,31.51,1868,138.32,1,16,7,264,103,2012,2024,T20
578,South,DA Miller,127,112,36,2550,106,33.55,1806,141.19,2,8,3,166,128,2010,2024,T20
579,South,RR Hendricks,83,82,2,2382,117,29.77,1826,130.44,1,17,5,259,68,2014,2025,T20
580,South,JP Duminy,81,75,25,1934,96,38.68,1532,126.24,0,11,6,138,71,2007,2019,T20
581,South,AB de Villiers,78,75,11,1672,79,26.12,1237,135.16,0,10,5,140,60,2006,2017,T20
582,South,F du Plessis,47,47,7,1466,119,36.65,1092,134.24,1,10,0,135,47,2012,2020,T20
583,South,AK Markram,58,54,8,1379,70,29.97,956,144.24,0,9,2,126,56,2019,2025,T20
584,South,HE van der Dussen,55,51,10,1363,94,33.24,1063,128.22,0,10,2,85,62,2018,2025,T20
585,South,HM Amla,41,41,5,1158,97,32.16,883,131.14,0,7,2,133,23,2009,2018,T20
586,South,H Klaasen,58,53,10,1000,81,23.25,705,141.84,0,5,2,72,52,2018,2024,T20
587,South,GC Smith,33,33,2,982,89,31.67,770,127.53,0,5,1,123,26,2005,2011,T20
588,South,RR Rossouw,29,27,5,767,109,34.86,480,159.79,2,3,5,69,39,2014,2023,T20
589,South,T Stubbs,36,30,6,707,76,29.45,524,134.92,0,2,3,62,28,2022,2025,T20
590,South,T Bavuma,36,35,4,670,72,21.61,567,118.16,0,1,6,62,16,2019,2023,T20
591,South,JH Kallis,25,23,4,666,73,35.05,558,119.35,0,5,0,56,20,2005,2012,T20
592,South,JA Morkel,50,38,11,572,43,21.18,402,142.28,0,0,1,29,39,2005,2015,T20
593,South,F Behardien,38,30,14,518,64,32.37,404,128.21,0,1,1,37,16,2012,2018,T20
594,South,HH Gibbs,23,23,1,400,90,18.18,318,125.78,0,3,4,45,12,2005,2010,T20
595,South,RD Rickelton,14,14,0,334,76,23.85,250,133.6,0,2,0,25,17,2024,2025,T20
596,South,LE Bosman,14,14,1,323,94,24.84,219,147.48,0,3,2,27,20,2006,2010,T20
597,South,MV Boucher,25,21,6,268,36,17.86,275,97.45,0,0,0,22,2,2005,2010,T20
598,South,D Pretorius,30,17,5,261,77,21.75,159,164.15,0,1,2,22,15,2017,2022,T20
599,South,JN Malan,11,11,0,241,55,21.9,186,129.56,0,1,1,25,11,2019,2021,T20
600,South,RE Levi,13,13,2,236,117,21.45,167,141.31,1,1,3,20,15,2012,2012,T20
601,South,MN van Wyk,8,7,1,225,114,37.5,157,143.31,1,1,0,19,14,2007,2015,T20
602,South,GF Linde,22,17,3,225,48,16.07,160,140.62,0,0,3,12,13,2020,2025,T20
603,South,CA Ingram,9,9,1,210,78,26.25,162,129.62,0,1,1,23,7,2010,2012,T20
604,South,JM Kemp,8,7,3,203,89,50.75,160,126.87,0,1,0,17,10,2005,2007,T20
605,South,J Botha,40,20,9,201,34,18.27,165,121.81,0,0,1,15,9,2006,2012,T20
606,South,JT Smuts,13,13,0,174,45,13.38,165,105.45,0,0,1,18,6,2017,2021,T20
607,South,WD Parnell,56,23,13,174,29,17.4,180,96.66,0,0,1,13,4,2009,2023,T20
608,South,M Jansen,17,12,3,166,54,18.44,111,149.54,0,1,1,13,11,2022,2024,T20
609,South,K Rabada,66,25,15,166,22,16.6,147,112.92,0,0,4,14,6,2014,2025,T20
610,South,AL Phehlukwayo,42,25,7,166,27,9.22,153,108.49,0,0,7,16,5,2017,2024,T20
611,South,H Davids,9,9,0,161,68,17.88,134,120.14,0,2,2,18,4,2012,2013,T20
612,South,JL Ontong,14,10,0,158,48,15.8,109,144.95,0,0,1,6,11,2008,2015,T20
613,South,MP Breetzke,10,10,1,151,51,16.77,123,122.76,0,1,0,13,6,2023,2024,T20
614,South,D Brevis,8,8,1,140,41,20.0,84,166.66,0,0,1,6,12,2023,2025,T20
615,South,CH Morris,23,13,4,133,55,14.77,102,130.39,0,1,3,12,5,2012,2019,T20
616,South,RA Herman,5,5,0,130,63,26.0,98,132.65,0,1,0,11,5,2025,2025,T20
617,South,PJ van Biljon,10,8,2,125,42,20.83,101,123.76,0,0,0,10,4,2020,2021,T20
618,South,RJ Peterson,21,12,4,124,34,15.5,113,109.73,0,0,1,13,2,2006,2014,T20
619,South,M Mosehle,7,6,1,105,36,21.0,65,161.53,0,0,0,6,9,2017,2017,T20
620,South,PWA Mulder,11,8,2,105,36,17.5,90,116.66,0,0,1,8,3,2021,2024,T20
621,South,KA Maharaj,39,15,6,103,41,11.44,115,89.56,0,0,2,6,5,2021,2024,T20
622,South,G Coetzee,12,11,2,98,23,10.88,77,127.27,0,0,3,6,6,2023,2025,T20
623,South,LG Pretorius,6,6,0,97,51,16.16,75,129.33,0,1,1,14,2,2025,2025,T20
624,South,D Wiese,20,11,4,92,28,13.14,75,122.66,0,0,1,4,3,2013,2016,T20
625,South,SM Pollock,12,9,2,86,36,12.28,70,122.85,0,0,3,4,4,2005,2008,T20
626,South,D Ferreira,6,5,0,79,48,15.8,50,158.0,0,0,0,2,6,2023,2024,T20
627,South,BC Fortuin,25,16,7,76,17,8.44,72,105.55,0,0,3,11,0,2019,2024,T20
628,South,PE Kruger,7,5,1,72,44,18.0,60,120.0,0,0,0,6,3,2024,2024,T20
629,South,C Jonker,2,2,0,57,49,28.5,29,196.55,0,0,0,5,3,2018,2018,T20
630,South,RE van der Merwe,13,6,3,57,48,19.0,50,114.0,0,0,1,2,4,2009,2010,T20
631,South,HG Kuhn,7,6,2,49,29,12.25,42,116.66,0,0,0,3,2,2009,2017,T20
632,South,JJ van der Wath,8,4,1,46,21,15.33,39,117.94,0,0,0,3,1,2006,2007,T20
633,South,L Ngidi,48,14,9,41,13,8.2,53,77.35,0,0,2,4,0,2017,2025,T20
634,South,C Bosch,5,4,2,36,23,18.0,25,144.0,0,0,0,3,1,2025,2025,T20
635,South,SSB Magala,6,3,2,34,18,34.0,18,188.88,0,0,0,1,4,2021,2023,T20
636,South,J Theron,9,3,3,32,31,0.0,21,152.38,0,0,0,3,1,2010,2012,T20
637,South,A Simelane,8,6,1,32,11,6.4,39,82.05,0,0,0,2,1,2024,2025,T20
638,South,N Peter,11,5,3,29,10,14.5,25,116.0,0,0,0,3,0,2024,2025,T20
639,South,TB de Bruyn,2,2,0,26,19,13.0,16,162.5,0,0,0,3,1,2017,2017,T20
640,South,RK Kleinveldt,6,3,2,25,22,25.0,10,250.0,0,0,0,1,3,2008,2013,T20
641,South,KJ Abbott,21,6,4,23,9,11.5,20,115.0,0,0,0,2,0,2013,2016,T20
642,South,M Morkel,41,7,5,21,8,10.5,16,131.25,0,0,0,3,1,2007,2017,T20
643,South,DW Steyn,47,12,6,21,5,3.5,26,80.76,0,0,2,2,0,2007,2020,T20
644,South,Imran Tahir,35,4,3,19,9,19.0,18,105.55,0,0,0,1,1,2013,2019,T20
645,South,KT Maphaka,9,5,4,19,12,19.0,23,82.6,0,0,1,2,0,2024,2025,T20
646,South,CJ Dala,10,4,3,19,12,19.0,28,67.85,0,0,0,1,0,2018,2021,T20
647,South,AM Phangiso,16,3,0,19,13,6.33,29,65.51,0,0,0,1,0,2012,2018,T20
648,South,BE Hendricks,19,5,2,18,12,6.0,23,78.26,0,0,1,0,1,2014,2021,T20
649,South,A Nortje,42,12,6,17,4,2.83,35,48.57,0,0,2,1,0,2019,2024,T20
650,South,WJ Lubbe,2,2,0,16,12,8.0,10,160.0,0,0,0,4,0,2021,2021,T20
651,South,GL Cloete,2,2,0,15,13,7.5,15,100.0,0,0,0,2,0,2018,2019,T20
652,South,S Muthusamy,4,4,1,15,8,5.0,15,100.0,0,0,1,1,1,2025,2025,T20
653,South,VB van Jaarsveld,3,3,0,15,12,5.0,23,65.21,0,0,1,0,0,2009,2009,T20
654,South,AN Petersen,2,2,0,14,8,7.0,19,73.68,0,0,0,1,0,2010,2010,T20
655,South,VD Philander,7,4,0,14,6,3.5,28,50.0,0,0,0,0,0,2007,2007,T20
656,South,AJ Hall,2,1,0,11,11,11.0,10,110.0,0,0,0,1,0,2006,2006,T20
657,South,L Sipamla,11,3,1,11,8,5.5,15,73.33,0,0,1,1,0,2019,2024,T20
658,South,M Ntini,10,4,2,10,5,5.0,11,90.9,0,0,1,2,0,2005,2011,T20
659,South,T Shamsi,70,14,9,10,4,2.0,27,37.03,0,0,5,0,0,2017,2024,T20
660,South,R McLaren,12,4,3,9,6,9.0,13,69.23,0,0,0,0,0,2009,2014,T20
661,South,GH Bodi,1,1,0,8,8,8.0,25,32.0,0,0,0,0,0,2007,2007,T20
662,South,ND McKenzie,2,1,1,7,7,0.0,8,87.5,0,0,0,0,0,2006,2009,T20
663,South,JF Smith,1,1,1,6,6,0.0,6,100.0,0,0,0,0,0,2024,2024,T20
664,South,JA Rudolph,1,1,1,6,6,0.0,7,85.71,0,0,0,0,0,2006,2006,T20
665,South,LB Williams,15,7,3,6,2,1.5,17,35.29,0,0,3,0,0,2021,2024,T20
666,South,D Paterson,8,2,1,5,4,5.0,2,250.0,0,0,0,1,0,2017,2018,T20
667,South,R Telemachus,3,1,1,5,5,0.0,3,166.66,0,0,0,0,0,2006,2007,T20
668,South,AG Prince,1,1,0,5,5,5.0,6,83.33,0,0,0,0,0,2005,2005,T20
669,South,CK Langeveldt,9,3,2,4,2,4.0,8,50.0,0,0,0,0,0,2005,2010,T20
670,South,GJP Kruger,1,1,0,3,3,3.0,5,60.0,0,0,0,0,0,2006,2006,T20
671,South,GJ Snyman,1,1,0,2,2,2.0,6,33.33,0,0,0,0,0,2021,2021,T20
672,South,LL Tsotsobe,23,3,2,2,1,2.0,10,20.0,0,0,0,0,0,2009,2014,T20
673,South,J Louw,2,1,1,1,1,0.0,1,100.0,0,0,0,0,0,2008,2009,T20
674,South,N Burger,5,1,0,1,1,1.0,3,33.33,0,0,0,0,0,2023,2025,T20
675,South,HH Dippenaar,1,1,0,1,1,1.0,5,20.0,0,0,0,0,0,2006,2006,T20
676,South,OEG Baartman,12,2,0,1,1,0.5,6,16.66,0,0,1,0,0,2024,2024,T20
678,Sri,MDKJ Perera,80,79,3,2080,101,27.36,1563,133.07,1,15,6,201,66,2013,2025,T20
679,Sri,BKG Mendis,81,81,3,2007,86,25.73,1518,132.21,0,16,6,173,85,2016,2025,T20
680,Sri,TM Dilshan,80,79,12,1889,104,28.19,1567,120.54,1,13,10,223,33,2006,2016,T20
681,Sri,P Nissanka,65,64,3,1854,90,30.39,1524,121.65,0,14,5,193,45,2021,2025,T20
682,Sri,MD Shanaka,105,96,21,1511,74,20.14,1230,122.84,0,5,13,113,74,2015,2025,T20
683,Sri,DPMD Jayawardene,55,55,8,1493,100,31.76,1121,133.18,1,9,4,173,33,2006,2014,T20
684,Sri,AD Mathews,90,73,22,1416,81,27.76,1175,120.51,0,6,1,92,50,2009,2024,T20
685,Sri,KC Sangakkara,56,53,9,1382,78,31.4,1156,119.55,0,8,2,139,20,2006,2014,T20
686,Sri,KIC Asalanka,61,60,7,1263,80,23.83,988,127.83,0,6,7,86,61,2021,2025,T20
687,Sri,LD Chandimal,69,62,7,1066,66,19.38,1030,103.49,0,6,0,90,22,2010,2025,T20
688,Sri,NLTC Perera,80,70,21,1047,58,21.36,714,146.63,0,2,8,76,53,2010,2021,T20
689,Sri,DM de Silva,45,44,4,847,66,21.17,731,115.86,0,3,2,71,18,2015,2024,T20
690,Sri,MD Gunathilaka,46,45,0,741,57,16.46,615,120.48,0,3,4,78,21,2016,2022,T20
691,Sri,PBB Rajapaksa,44,39,7,733,77,22.9,552,132.78,0,3,3,63,31,2019,2025,T20
692,Sri,PW Hasaranga,79,67,14,712,71,13.43,552,128.98,0,2,8,71,16,2019,2025,T20
693,Sri,CK Kapugedera,43,38,7,703,50,22.67,591,118.95,0,1,0,58,25,2006,2017,T20
694,Sri,ST Jayasuriya,31,30,3,629,88,23.29,487,129.15,0,4,4,76,23,2006,2011,T20
695,Sri,N Dickwella,28,27,1,480,68,18.46,366,131.14,0,1,2,61,9,2016,2021,T20
696,Sri,WU Tharanga,26,26,1,407,47,16.28,330,123.33,0,0,3,42,12,2006,2018,T20
697,Sri,PHKD Mendis,24,22,1,402,65,19.14,326,123.31,0,2,2,40,14,2018,2025,T20
698,Sri,WIA Fernando,39,37,3,376,37,11.05,408,92.15,0,0,5,28,8,2019,2025,T20
699,Sri,S Samarawickrama,19,18,2,310,61,19.37,282,109.92,0,2,2,32,2,2017,2024,T20
700,Sri,HDRL Thirimanne,26,20,2,291,44,16.16,267,108.98,0,0,1,27,5,2012,2016,T20
701,Sri,C Karunaratne,44,35,16,291,31,15.31,276,105.43,0,0,7,15,12,2021,2025,T20
702,Sri,TAM Siriwardana,22,19,3,275,42,17.18,208,132.21,0,0,4,16,12,2015,2017,T20
703,Sri,I Udana,35,25,11,256,84,18.28,186,137.63,0,1,3,16,14,2009,2021,T20
704,Sri,GSNFG Jayasuriya,18,16,0,241,40,15.06,222,108.55,0,0,1,20,8,2015,2020,T20
705,Sri,J Mubarak,16,15,4,238,46,21.63,188,126.59,0,0,2,21,8,2007,2009,T20
706,Sri,DAS Gunaratne,12,12,3,225,84,25.0,178,126.4,0,2,2,19,6,2016,2017,T20
707,Sri,EMDY Munaweera,13,13,1,215,53,17.91,164,131.09,0,1,1,25,7,2012,2017,T20
708,Sri,KMDN Kulasekara,58,30,9,215,31,10.23,184,116.84,0,0,4,14,7,2008,2017,T20
709,Sri,S Prasanna,20,20,6,214,37,15.28,161,132.91,0,0,0,13,13,2013,2017,T20
710,Sri,BMAJ Mendis,22,15,4,207,43,18.81,174,118.96,0,0,1,18,6,2011,2018,T20
711,Sri,LPC Silva,16,15,2,175,38,13.46,177,98.87,0,0,0,19,3,2006,2011,T20
712,Sri,SL Malinga,84,33,12,136,27,6.47,161,84.47,0,0,8,9,5,2006,2020,T20
713,Sri,BOP Fernando,7,6,1,128,78,25.6,114,112.28,0,1,0,11,4,2019,2021,T20
714,Sri,PVD Chameera,55,28,13,101,24,6.73,113,89.38,0,0,3,9,1,2015,2024,T20
715,Sri,KNA Bandara,6,5,1,97,44,24.25,88,110.22,0,0,0,4,5,2021,2023,T20
716,Sri,ML Udawatte,8,8,0,96,25,12.0,87,110.34,0,0,2,10,2,2008,2017,T20
717,Sri,M Theekshana,63,28,10,78,14,4.33,123,63.41,0,0,7,4,2,2021,2025,T20
718,Sri,A Dananjaya,33,16,8,65,11,8.12,72,90.27,0,0,2,7,0,2012,2024,T20
719,Sri,M Bhanuka,5,4,0,64,36,16.0,66,96.96,0,0,1,7,0,2019,2021,T20
720,Sri,AK Perera,6,5,0,59,16,11.8,65,90.76,0,0,0,5,1,2013,2019,T20
721,Sri,SMSM Senanayake,24,12,6,56,17,9.33,66,84.84,0,0,2,3,1,2012,2016,T20
722,Sri,SMA Priyanjan,3,3,2,54,40,54.0,62,87.09,0,0,0,1,2,2017,2017,T20
723,Sri,K Weeraratne,5,5,2,49,20,16.33,45,108.88,0,0,0,4,1,2008,2009,T20
724,Sri,CU Jayasinghe,5,3,2,49,38,49.0,49,100.0,0,0,0,3,1,2009,2010,T20
725,Sri,B Fernando,23,7,3,43,20,10.75,48,89.58,0,0,1,3,1,2015,2025,T20
726,Sri,KDK Vithanage,3,3,0,40,38,13.33,34,117.64,0,0,0,7,0,2014,2016,T20
727,Sri,JDF Vandersay,17,10,7,35,8,11.66,40,87.5,0,0,0,3,1,2015,2025,T20
728,Sri,RJMGM Rupasinghe,2,2,0,33,18,16.5,39,84.61,0,0,0,2,0,2009,2009,T20
729,Sri,WPUJC Vaas,6,2,1,33,21,33.0,41,80.48,0,0,0,1,0,2006,2007,T20
730,Sri,MF Maharoof,8,5,1,33,13,8.25,43,76.74,0,0,1,0,1,2006,2016,T20
731,Sri,CAK Rajitha,18,8,5,31,9,10.33,53,58.49,0,0,1,2,0,2016,2023,T20
732,Sri,J Liyanage,3,3,0,28,11,9.33,45,62.22,0,0,0,0,0,2022,2022,T20
733,Sri,SS Pathirana,5,5,0,27,14,5.4,24,112.5,0,0,0,3,0,2016,2017,T20
734,Sri,CRD Fernando,18,7,2,25,21,5.0,27,92.59,0,0,2,4,0,2006,2016,T20
735,Sri,PADLR Sandakan,20,7,4,23,10,7.66,38,60.52,0,0,0,2,0,2017,2021,T20
736,Sri,PC de Silva,2,2,0,22,21,11.0,22,100.0,0,0,0,1,0,2017,2017,T20
737,Sri,SSD Arachchige,1,1,0,22,22,22.0,29,75.86,0,0,0,0,1,2023,2023,T20
738,Sri,LD Madushanka,3,3,0,22,20,7.33,29,75.86,0,0,0,1,0,2019,2021,T20
739,Sri,JRMVB Sanjaya,8,5,2,20,6,6.66,18,111.11,0,0,0,3,0,2017,2017,T20
740,Sri,RLB Rambukwella,2,1,0,19,19,19.0,16,118.75,0,0,0,1,1,2013,2016,T20
741,Sri,HGJM Kulatunga,2,2,0,19,11,9.5,38,50.0,0,0,0,0,0,2008,2008,T20
742,Sri,LHD Dilhara,2,1,1,18,18,0.0,9,200.0,0,0,0,0,1,2008,2008,T20
743,Sri,RTM Mendis,4,3,0,17,12,5.66,21,80.95,0,0,0,0,1,2021,2024,T20
744,Sri,M Pathirana,19,9,4,17,6,3.4,32,53.12,0,0,3,1,0,2022,2024,T20
745,Sri,L Croospulle,1,1,0,16,16,16.0,12,133.33,0,0,0,2,1,2023,2023,T20
746,Sri,K Mishara,3,3,0,15,13,5.0,19,78.94,0,0,0,2,0,2022,2022,T20
747,Sri,C Wickramasinghe,3,3,3,14,6,0.0,11,127.27,0,0,0,2,0,2024,2025,T20
748,Sri,V Viyaskanth,1,1,1,13,13,0.0,19,68.42,0,0,0,1,0,2023,2023,T20
749,Sri,SHT Kandamby,5,4,0,13,10,3.25,21,61.9,0,0,1,0,0,2008,2011,T20
750,Sri,HMCM Bandara,4,3,1,12,7,6.0,15,80.0,0,0,0,0,0,2006,2009,T20
751,Sri,DN Wellalage,4,2,1,12,11,12.0,16,75.0,0,0,0,1,1,2024,2024,T20
752,Sri,AM Fernando,7,3,3,11,10,0.0,5,220.0,0,0,0,2,0,2022,2024,T20
753,Sri,KS Lokuarachchi,2,2,0,11,11,5.5,13,84.61,0,0,1,1,0,2012,2012,T20
754,Sri,CBRLS Kumara,26,6,3,10,4,3.33,11,90.9,0,0,1,2,0,2019,2023,T20
755,Sri,N Pradeep,16,6,5,10,8,10.0,15,66.66,0,0,1,1,0,2016,2021,T20
756,Sri,S Daniel,1,1,0,9,9,9.0,6,150.0,0,0,0,2,0,2023,2023,T20
757,Sri,RS Fernando,1,1,0,9,9,9.0,10,90.0,0,0,0,1,0,2023,2023,T20
758,Sri,N Thushara,21,8,6,9,6,4.5,17,52.94,0,0,1,1,0,2022,2025,T20
759,Sri,S Randiv,7,2,0,8,6,4.0,6,133.33,0,0,0,1,0,2010,2011,T20
760,Sri,HMRKB Herath,17,6,3,8,3,2.66,12,66.66,0,0,0,0,0,2011,2016,T20
761,Sri,BAW Mendis,39,8,5,8,4,2.66,17,47.05,0,0,0,1,0,2008,2014,T20
762,Sri,RP Arnold,1,1,0,7,7,7.0,7,100.0,0,0,0,0,0,2006,2006,T20
763,Sri,RAS Lakmal,11,6,3,7,5,2.33,11,63.63,0,0,2,1,0,2011,2019,T20
764,Sri,RMS Eranga,3,1,0,6,6,6.0,7,85.71,0,0,0,1,0,2012,2013,T20
765,Sri,N Vimukthi,1,1,0,6,6,6.0,12,50.0,0,0,0,0,0,2023,2023,T20
766,Sri,MS Atapattu,2,1,0,5,5,5.0,8,62.5,0,0,0,0,0,2006,2006,T20
767,Sri,MNK Fernando,1,1,0,5,5,5.0,8,62.5,0,0,0,1,0,2023,2023,T20
768,Sri,T Thushara,6,2,0,4,3,2.0,8,50.0,0,0,0,0,0,2008,2010,T20
769,Sri,ST de Silva,3,2,0,3,3,1.5,7,42.85,0,0,1,0,0,2017,2017,T20
770,Sri,MVT Fernando,1,1,0,2,2,2.0,2,100.0,0,0,0,0,0,2017,2017,T20
771,Sri,UWMBCA Welegedara,2,1,1,2,2,0.0,3,66.66,0,0,0,0,0,2010,2010,T20
772,Sri,Pramod Madushan,8,3,1,2,1,1.0,4,50.0,0,0,1,0,0,2022,2023,T20
773,Sri,KMC Bandara,1,1,1,2,2,0.0,4,50.0,0,0,0,0,0,2016,2016,T20
774,Sri,D Madushanka,15,5,1,2,1,0.5,7,28.57,0,0,3,0,0,2022,2024,T20
775,Sri,SMLD Samarakoon,1,1,0,1,1,1.0,3,33.33,0,0,0,0,0,2023,2023,T20
776,Sri,G Wijekoon,3,2,1,1,1,1.0,5,20.0,0,0,1,0,0,2007,2007,T20
777,Sri,M Muralidaran,12,2,0,1,1,0.5,5,20.0,0,0,1,0,0,2006,2010,T20
778,Sri,MDK Perera,3,2,0,1,1,0.5,6,16.66,0,0,1,0,0,2011,2011,T20
780,West,N Pooran,106,97,10,2275,98,26.14,1668,136.39,0,13,3,152,149,2016,2024,T20
781,West,R Powell,99,87,12,1925,107,25.66,1361,141.44,1,9,2,118,125,2017,2025,T20
782,West,CH Gayle,79,75,7,1899,117,27.92,1381,137.5,2,14,4,158,124,2006,2021,T20
783,West,E Lewis,65,64,4,1782,125,29.7,1155,154.28,2,13,6,135,136,2016,2025,T20
784,West,BA King,68,66,5,1659,85,27.19,1221,135.87,0,13,5,180,73,2019,2025,T20
785,West,MN Samuels,67,65,10,1611,89,29.29,1386,116.23,0,10,0,144,69,2007,2018,T20
786,West,KA Pollard,101,83,21,1569,75,25.3,1161,135.14,0,6,3,94,99,2008,2022,T20
787,West,LMP Simmons,68,67,10,1527,91,26.78,1264,120.8,0,9,6,140,68,2007,2021,T20
788,West,J Charles,64,63,0,1468,118,23.3,1136,129.22,1,5,7,157,69,2011,2025,T20
789,West,DJ Bravo,91,74,17,1255,66,22.01,1091,115.03,0,4,5,73,55,2006,2021,T20
790,West,SD Hope,51,49,6,1210,102,28.13,879,137.65,1,7,3,96,64,2017,2025,T20
791,West,AD Russell,86,75,24,1122,71,22.0,685,163.79,0,3,9,65,95,2011,2025,T20
792,West,SO Hetmyer,69,59,5,1112,81,20.59,882,126.07,0,6,4,73,60,2018,2025,T20
793,West,ADS Fletcher,60,57,7,984,84,19.68,892,110.31,0,6,9,67,53,2008,2024,T20
794,West,KR Mayers,38,37,2,762,73,21.77,551,138.29,0,3,1,68,51,2020,2024,T20
795,West,JO Holder,75,55,18,672,38,18.16,487,137.98,0,0,9,43,41,2014,2025,T20
796,West,R Shepherd,63,44,17,667,44,24.7,468,142.52,0,0,4,36,48,2020,2025,T20
797,West,D Ramdin,71,50,16,636,55,18.7,551,115.42,0,1,3,51,19,2006,2019,T20
798,West,SE Rutherford,39,34,6,586,68,20.92,420,139.52,0,3,4,45,35,2018,2025,T20
799,West,DR Smith,33,32,0,582,72,18.18,474,122.78,0,3,1,62,31,2006,2015,T20
800,West,RL Chase,42,32,7,552,67,22.08,462,119.48,0,3,5,47,16,2021,2025,T20
801,West,DJG Sammy,66,50,16,534,42,15.7,359,148.74,0,0,3,42,27,2007,2016,T20
802,West,DM Bravo,26,22,3,405,43,21.31,379,106.86,0,0,3,32,14,2010,2022,T20
803,West,S Chanderpaul,22,22,5,343,41,20.17,347,98.84,0,0,0,34,5,2006,2010,T20
804,West,CR Brathwaite,41,27,6,310,37,14.76,274,113.13,0,0,3,13,22,2011,2019,T20
805,West,RR Sarwan,18,16,3,298,59,22.92,286,104.19,0,2,1,19,6,2007,2010,T20
806,West,FA Allen,39,27,9,272,34,15.11,199,136.68,0,0,5,16,21,2018,2024,T20
807,West,AJ Hosein,78,32,15,272,44,16.0,247,110.12,0,0,3,17,13,2021,2025,T20
808,West,CAK Walton,19,17,0,225,40,13.23,203,110.83,0,0,5,23,11,2014,2018,T20
809,West,SSJ Brooks,13,12,1,218,56,19.81,212,102.83,0,1,2,15,11,2021,2022,T20
810,West,DS Smith,6,6,0,203,61,33.83,161,126.08,0,2,0,22,5,2007,2009,T20
811,West,OF Smith,27,20,7,193,27,14.84,138,139.85,0,0,2,13,12,2018,2023,T20
812,West,KMA Paul,23,16,7,187,29,20.77,166,112.65,0,0,2,10,11,2018,2022,T20
813,West,G Motie,39,20,7,163,33,12.53,126,129.36,0,0,3,11,11,2021,2025,T20
814,West,SP Narine,51,23,8,155,30,10.33,138,112.31,0,0,2,13,5,2012,2019,T20
815,West,A Athanaze,6,6,1,137,60,27.4,105,130.47,0,1,0,12,6,2024,2025,T20
816,West,AS Joseph,45,19,11,129,21,16.12,125,103.2,0,0,2,9,5,2022,2025,T20
817,West,JE Taylor,30,15,6,118,21,13.11,92,128.26,0,0,1,10,6,2006,2018,T20
818,West,XM Marshall,6,6,0,96,36,16.0,77,124.67,0,0,1,8,4,2008,2009,T20
819,West,RS Morton,7,7,1,96,40,16.0,103,93.2,0,0,1,8,2,2006,2010,T20
820,West,JN Mohammed,9,8,3,90,23,18.0,103,87.37,0,0,1,9,1,2017,2018,T20
821,West,AR Nurse,13,8,6,85,20,42.5,71,119.71,0,0,0,7,3,2011,2019,T20
822,West,CD Barnwell,6,6,2,78,34,19.5,62,125.8,0,0,1,4,4,2011,2013,T20
823,West,J Andrew,3,3,0,71,35,23.66,58,122.41,0,0,0,5,4,2025,2025,T20
824,West,OC McCoy,42,13,6,68,23,9.71,64,106.25,0,0,2,7,4,2019,2024,T20
825,West,TM Dowlin,2,2,1,68,37,68.0,69,98.55,0,0,0,8,0,2009,2010,T20
826,West,DP Hyatt,5,5,1,64,28,16.0,54,118.51,0,0,0,4,4,2011,2012,T20
827,West,N Deonarine,8,7,2,55,36,11.0,53,103.77,0,0,3,5,0,2010,2013,T20
828,West,KU Carty,4,3,1,53,49,26.5,35,151.42,0,0,0,4,4,2025,2025,T20
829,West,MW Forde,8,5,1,51,15,12.75,35,145.71,0,0,0,4,3,2023,2025,T20
830,West,DC Thomas,12,8,2,51,31,8.5,54,94.44,0,0,0,4,2,2009,2022,T20
831,West,RA Reifer,3,2,0,46,27,23.0,41,112.19,0,0,0,1,2,2022,2023,T20
832,West,NO Miller,9,5,4,43,15,43.0,47,91.48,0,0,0,2,0,2009,2014,T20
833,West,S Badree,50,15,9,43,14,7.16,63,68.25,0,0,0,1,1,2012,2018,T20
834,West,SJ Benn,24,7,4,37,13,12.33,42,88.09,0,0,1,5,1,2008,2016,T20
835,West,HR Walsh,31,10,6,36,12,9.0,47,76.59,0,0,2,2,2,2019,2024,T20
836,West,SE Findlay,2,2,0,32,19,16.0,31,103.22,0,0,0,4,0,2008,2008,T20
837,West,WW Hinds,5,5,1,30,14,7.5,41,73.17,0,0,1,3,0,2006,2010,T20
838,West,S Joseph,12,5,5,28,21,0.0,18,155.55,0,0,0,2,2,2024,2025,T20
839,West,NE Bonner,2,2,0,27,24,13.5,38,71.05,0,0,0,2,0,2011,2012,T20
840,West,D Ganga,1,1,0,26,26,26.0,31,83.87,0,0,0,3,1,2006,2006,T20
841,West,AB Barath,2,2,0,23,15,11.5,39,58.97,0,0,0,3,0,2010,2011,T20
842,West,FL Reifer,1,1,0,22,22,22.0,20,110.0,0,0,0,2,1,2009,2009,T20
843,West,KOK Williams,26,7,4,19,13,6.33,17,111.76,0,0,1,1,1,2016,2020,T20
844,West,SS Cottrell,45,10,6,18,4,4.5,29,62.06,0,0,1,2,0,2014,2023,T20
845,West,TL Best,6,1,1,17,17,0.0,9,188.88,0,0,0,0,2,2013,2014,T20
846,West,K Pierre,10,5,3,17,9,8.5,23,73.91,0,0,0,2,0,2018,2020,T20
847,West,RR Emrit,4,3,0,17,11,5.66,27,62.96,0,0,0,0,1,2018,2018,T20
848,West,D Bishoo,7,4,2,17,8,8.5,29,58.62,0,0,1,2,0,2011,2019,T20
849,West,DC Drakes,10,5,0,15,5,3.0,19,78.94,0,0,1,3,0,2021,2022,T20
850,West,R Rampaul,27,7,5,15,8,7.5,29,51.72,0,0,0,0,0,2007,2021,T20
851,West,KOA Powell,1,1,0,12,12,12.0,14,85.71,0,0,0,1,0,2014,2014,T20
852,West,FH Edwards,26,6,4,11,7,5.5,14,78.57,0,0,1,1,0,2007,2021,T20
853,West,JD Campbell,2,2,0,11,11,5.5,16,68.75,0,0,1,2,0,2019,2019,T20
854,West,BA Parchment,1,1,0,10,10,10.0,6,166.66,0,0,0,1,1,2007,2007,T20
855,West,CS Baugh,3,3,0,10,7,3.33,12,83.33,0,0,0,1,0,2008,2012,T20
856,West,ACL Richards,1,1,0,10,10,10.0,15,66.66,0,0,0,1,0,2007,2007,T20
857,West,WKD Perkins,1,1,0,9,9,9.0,11,81.81,0,0,0,1,0,2008,2008,T20
858,West,O Thomas,21,7,3,9,8,2.25,15,60.0,0,0,3,2,0,2018,2023,T20
859,West,SK Springer,2,1,0,7,7,7.0,6,116.66,0,0,0,1,0,2024,2024,T20
860,West,JP Greaves,1,1,0,6,6,6.0,5,120.0,0,0,0,0,0,2024,2024,T20
861,West,T Hinds,2,1,1,5,5,0.0,3,166.66,0,0,0,1,0,2024,2024,T20
862,West,AM McCarthy,1,1,0,5,5,5.0,8,62.5,0,0,0,0,0,2018,2018,T20
863,West,JNT Seales,1,1,1,4,4,0.0,2,200.0,0,0,0,1,0,2024,2024,T20
864,West,GE Mathurin,3,2,2,4,3,0.0,5,80.0,0,0,0,0,0,2011,2012,T20
865,West,J Blades,4,2,2,4,3,0.0,10,40.0,0,0,0,0,0,2025,2025,T20
866,West,KAJ Roach,11,1,1,3,3,0.0,2,150.0,0,0,0,0,0,2008,2012,T20
867,West,Y Cariah,2,2,2,3,2,0.0,4,75.0,0,0,0,0,0,2022,2022,T20
868,West,MC Bascombe,1,1,0,3,3,3.0,7,42.85,0,0,0,0,0,2011,2011,T20
869,West,K Sinclair,6,2,1,3,3,3.0,9,33.33,0,0,0,0,0,2021,2021,T20
870,West,DE Bernard,1,1,1,1,1,0.0,1,100.0,0,0,0,0,0,2009,2009,T20
871,West,DBL Powell,5,1,1,1,1,0.0,1,100.0,0,0,0,0,0,2007,2007,T20
873,Afghanistan,Mohammad Nabi,132,124,25,2237,89,22.59,1642,136.23,0,6,8,156,109,2010,2024,T20
874,Afghanistan,Mohammad Shahzad,73,73,3,2048,118,29.25,1550,132.12,1,12,4,229,76,2010,2023,T20
875,Afghanistan,Najibullah Zadran,107,95,33,1830,73,29.51,1328,137.8,0,8,6,126,97,2012,2024,T20
876,Afghanistan,Rahmanullah Gurbaz,66,66,0,1683,100,25.5,1252,134.42,1,10,8,128,95,2019,2024,T20
877,Afghanistan,Asghar Afghan,75,68,5,1382,62,21.93,1247,110.82,0,4,5,87,69,2010,2021,T20
878,Afghanistan,Hazratullah Zazai,45,45,3,1160,162,27.61,874,132.72,1,3,3,110,66,2016,2024,T20
879,Afghanistan,Ibrahim Zadran,44,44,6,1105,72,29.07,1030,107.28,0,8,1,97,24,2019,2024,T20
880,Afghanistan,Samiullah Shinwari,65,56,10,1013,61,22.02,858,118.06,0,2,2,76,37,2010,2022,T20
881,Afghanistan,Gulbadin Naib,75,64,18,945,57,20.54,775,121.93,0,3,7,70,44,2012,2024,T20
882,Afghanistan,Usman Ghani,35,34,3,786,73,25.35,733,107.23,0,4,0,76,21,2015,2023,T20
883,Afghanistan,Karim Janat,67,48,9,691,56,17.71,596,115.93,0,4,4,49,28,2016,2024,T20
884,Afghanistan,Noor Ali Zadran,23,23,1,597,63,27.13,586,101.87,0,4,1,55,9,2010,2023,T20
885,Afghanistan,Karim Sadiq,36,36,0,538,72,14.94,493,109.12,0,1,4,61,10,2010,2018,T20
886,Afghanistan,Nawroz Mangal,32,32,4,505,65,18.03,453,111.47,0,2,4,42,19,2010,2017,T20
887,Afghanistan,Shafiqullah,46,42,12,494,51,16.46,340,145.29,0,1,5,35,31,2010,2019,T20
888,Afghanistan,Azmatullah Omarzai,47,37,4,474,34,14.36,427,111.0,0,0,4,30,18,2022,2024,T20
889,Afghanistan,Rashid Khan,95,58,25,458,48,13.87,363,126.17,0,0,7,31,27,2015,2024,T20
890,Afghanistan,Najeeb Tarakai,12,12,0,258,90,21.5,210,122.85,0,1,1,21,13,2014,2019,T20
891,Afghanistan,Afsar Zazai,8,8,0,141,48,17.62,172,81.97,0,0,0,9,3,2013,2023,T20
892,Afghanistan,Mirwais Ashraf,25,19,8,128,28,11.63,115,111.3,0,0,2,5,8,2010,2016,T20
893,Afghanistan,Darwish Rasooli,9,9,2,118,58,16.85,113,104.42,0,1,1,10,2,2022,2024,T20
894,Afghanistan,Sediqullah Atal,9,9,0,96,35,10.66,110,87.27,0,0,0,6,4,2023,2024,T20
895,Afghanistan,Raees Ahmadzai,8,6,3,91,33,30.33,84,108.33,0,0,0,5,1,2010,2010,T20
896,Afghanistan,Mohammad Ishaq,5,5,1,76,32,19.0,58,131.03,0,0,1,10,1,2024,2024,T20
897,Afghanistan,Shahidullah,3,3,1,72,49,36.0,59,122.03,0,0,1,5,4,2023,2023,T20
898,Afghanistan,Dawlat Zadran,34,17,8,68,13,7.55,42,161.9,0,0,3,4,6,2012,2019,T20
899,Afghanistan,Mujeeb Ur Rahman,49,14,8,54,21,9.0,44,122.72,0,0,2,6,3,2018,2024,T20
900,Afghanistan,Hamid Hassan,25,9,6,50,22,16.66,46,108.69,0,0,0,3,2,2010,2021,T20
901,Afghanistan,Hashmatullah Shahidi,6,4,2,48,36,24.0,55,87.27,0,0,0,5,0,2013,2022,T20
902,Afghanistan,Sharafuddin Ashraf,19,12,6,46,18,7.66,55,83.63,0,0,2,4,1,2015,2024,T20
903,Afghanistan,Naveen-ul-Haq,48,14,5,44,13,4.88,65,67.69,0,0,3,5,1,2019,2024,T20
904,Afghanistan,Noor Ahmad,14,8,2,41,12,6.83,53,77.35,0,0,1,1,3,2022,2024,T20
905,Afghanistan,Amir Hamza,33,9,5,40,21,10.0,38,105.26,0,0,1,3,1,2013,2021,T20
906,Afghanistan,Ijaz Ahmad Ahmadzai,3,3,0,35,16,11.66,32,109.37,0,0,0,2,2,2024,2024,T20
907,Afghanistan,Qais Ahmad,11,5,1,33,18,8.25,29,113.79,0,0,1,4,1,2020,2024,T20
908,Afghanistan,Fareed Ahmad,32,5,4,32,24,32.0,33,96.96,0,0,0,5,0,2016,2024,T20
909,Afghanistan,Shapoor Zadran,36,13,6,27,13,3.85,65,41.53,0,0,3,0,3,2010,2020,T20
910,Afghanistan,Ihsanullah,1,1,0,20,20,20.0,14,142.85,0,0,0,4,0,2022,2022,T20
911,Afghanistan,Shabir Noori,1,1,0,15,15,15.0,18,83.33,0,0,0,1,0,2012,2012,T20
912,Afghanistan,Fazal Niazai,1,1,0,12,12,12.0,15,80.0,0,0,0,1,0,2019,2019,T20
913,Afghanistan,Fazalhaq Farooqi,43,12,9,12,4,4.0,19,63.15,0,0,2,1,0,2021,2024,T20
914,Afghanistan,Zubaid Akbari,3,3,0,8,5,2.66,15,53.33,0,0,0,1,0,2023,2024,T20
915,Afghanistan,Nangeyalia Kharote,6,5,3,7,4,3.5,19,36.84,0,0,1,0,0,2024,2024,T20
916,Afghanistan,Javed Ahmadi,3,2,0,6,6,3.0,7,85.71,0,0,1,1,0,2012,2017,T20
917,Afghanistan,Nijat Masood,3,1,1,4,4,0.0,5,80.0,0,0,0,0,0,2022,2022,T20
918,Afghanistan,Rahmat Shah,1,1,0,3,3,3.0,6,50.0,0,0,0,0,0,2024,2024,T20
919,Afghanistan,Dawlat Ahmadzai,2,1,1,2,2,0.0,3,66.66,0,0,0,0,0,2010,2010,T20
920,Afghanistan,Aftab Alam,12,5,3,2,1,1.0,9,22.22,0,0,1,0,0,2012,2018,T20
921,Afghanistan,Yamin Ahmadzai,2,1,1,1,1,0.0,1,100.0,0,0,0,0,0,2015,2015,T20
922,Afghanistan,Sayed Shirzad,4,1,0,1,1,1.0,2,50.0,0,0,0,0,0,2015,2019,T20
923,Afghanistan,M Nasim Baras,3,1,0,1,1,1.0,2,50.0,0,0,0,0,0,2015,2015,T20
