,Country,Player,Span,Matches,Innings,Not_Out,Runs,Highest_score,Average,Ball_Faced,Strike_Rate,Hundreds,Fiftys,Zeros,Fours,Sixes
0,India,Player,Span,Mat,Inns,NO,Runs,HS,Ave,BF,SR,100,50,0,4s,6s
1,India,RG Sharma,2007-2024,159,151,19,4231,121*,32.05,3003,140.89,5,32,12,383,205
2,India,V Kohli,2010-2024,125,117,31,4188,122*,48.69,3056,137.04,1,38,7,369,124
3,India,SA Yadav,2021-2025,83,79,11,2598,117,38.20,1555,167.07,4,21,5,237,146
4,India,KL Rahul,2016-2022,72,68,8,2265,110*,37.75,1628,139.12,2,22,5,191,99
5,India,HH Pandya,2016-2025,114,90,25,1812,71*,27.87,1279,141.67,-,5,3,135,95
6,India,S Dhawan,2011-2021,68,66,3,1759,92,27.92,1392,126.36,-,11,2,191,50
7,India,MS Dhoni,2006-2019,98,85,42,1617,56,37.60,1282,126.13,-,2,1,116,52
8,India,SK Raina,2006-2018,78,66,11,1605,101,29.18,1190,134.87,1,5,3,145,58
9,India,RR Pant,2017-2024,76,66,14,1209,65*,23.25,950,127.26,-,3,4,111,44
10,India,Yuvraj Singh,2007-2017,58,51,9,1177,77*,28.02,863,136.38,-,8,1,77,74
11,India,SS Iyer,2017-2023,51,47,11,1104,74*,30.66,811,136.12,-,8,4,90,44
12,India,G Gambhir,2007-2012,37,36,2,932,75,27.41,783,119.02,-,7,2,109,10
13,India,SV Samson,2015-2025,42,38,4,861,111,25.32,565,152.38,3,2,6,71,49
14,India,Ishan Kishan,2021-2023,32,32,1,796,89,25.67,640,124.37,-,6,1,79,36
15,India,NT Tilak Varma,2023-2025,25,24,9,749,120*,49.93,483,155.07,2,3,3,61,43
16,India,YBK Jaiswal,2023-2024,23,22,2,723,100,36.15,440,164.31,1,5,2,82,38
17,India,MK Pandey,2015-2020,39,33,17,709,79*,44.31,562,126.15,-,3,2,49,19
18,India,KD Karthik,2006-2022,59,47,22,686,55,27.44,476,144.11,-,1,2,71,28
19,India,RD Gaikwad,2021-2024,23,20,4,633,123*,39.56,441,143.53,1,4,1,65,24
20,India,Shubman Gill,2023-2024,21,21,2,578,126*,30.42,415,139.27,1,3,1,60,22
21,India,RK Singh,2023-2025,33,24,11,546,69*,42.00,339,161.06,-,3,1,45,31
22,India,Abhishek Sharma,2024-2025,17,16,-,535,135,33.43,276,193.84,2,2,1,46,41
23,India,AR Patel,2015-2025,71,44,15,535,65,18.44,384,139.32,-,1,2,41,23
24,India,S Dube,2019-2025,35,26,9,531,63*,31.23,379,140.10,-,4,1,37,28
25,India,RA Jadeja,2009-2024,74,41,17,515,46*,21.45,405,127.16,-,-,3,39,14
26,India,V Sehwag,2006-2012,19,18,-,394,68,21.88,271,145.38,-,2,1,43,16
27,India,AM Rahane,2011-2016,20,20,2,375,61,20.83,331,113.29,-,1,2,32,6
28,India,DJ Hooda,2022-2023,21,17,5,368,104,30.66,250,147.20,1,-,2,29,18
29,India,RV Uthappa,2007-2015,13,12,2,249,50,24.90,211,118.00,-,1,1,26,6
30,India,YK Pathan,2007-2012,22,18,5,236,37*,18.15,161,146.58,-,-,3,11,17
31,India,Washington Sundar,2017-2025,54,22,8,193,50,13.78,159,121.38,-,1,4,16,9
32,India,R Ashwin,2010-2022,65,19,12,184,31*,26.28,160,115.00,-,-,-,17,4
33,India,IK Pathan,2006-2012,24,14,7,172,33*,24.57,144,119.44,-,-,-,9,7
34,India,M Vijay,2010-2015,9,9,-,169,48,18.77,154,109.74,-,-,1,13,8
35,India,VR Iyer,2021-2022,9,7,3,133,35*,33.25,82,162.19,-,-,-,15,5
36,India,KH Pandya,2018-2021,19,10,5,124,26*,24.80,95,130.52,-,-,-,8,6
37,India,KM Jadhav,2015-2017,9,6,-,122,58,20.33,99,123.23,-,1,-,12,3
38,India,Harbhajan Singh,2006-2016,28,13,5,108,21,13.50,87,124.13,-,-,1,11,4
39,India,R Parag,2024-2024,9,6,-,106,34,17.66,70,151.42,-,-,-,3,9
40,India,V Shankar,2018-2019,9,4,-,101,43,25.25,73,138.35,-,-,-,11,5
41,India,JM Sharma,2023-2024,9,7,-,100,35,14.28,68,147.05,-,-,1,11,4
42,India,RA Tripathi,2023-2023,5,5,-,97,44,19.40,67,144.77,-,-,1,11,5
43,India,K Nitish Kumar Reddy,2024-2025,4,3,1,90,74,45.00,50,180.00,-,1,1,4,8
44,India,Mandeep Singh,2016-2016,3,3,1,87,52*,43.50,73,119.17,-,1,-,11,1
45,India,HV Patel,2021-2023,25,10,4,77,18,12.83,57,135.08,-,-,1,9,3
46,India,Arshdeep Singh,2022-2025,63,21,13,71,12,8.87,61,116.39,-,-,3,6,3
47,India,SN Thakur,2018-2022,25,6,3,69,22*,23.00,38,181.57,-,-,2,5,4
48,India,B Kumar,2012-2022,87,21,13,67,16,8.37,94,71.27,-,-,2,0,0
49,India,Ravi Bishnoi,2022-2025,42,13,6,55,9*,7.85,42,130.95,-,-,2,8,1
50,India,DL Chahar,2018-2023,25,7,5,53,31,26.50,28,189.28,-,-,1,4,4
51,India,Kuldeep Yadav,2017-2024,40,7,3,46,23*,11.50,59,77.96,-,-,2,2,0
52,India,S Badrinath,2011-2011,1,1,-,43,43,43.00,37,116.21,-,-,-,5,0
53,India,AT Rayudu,2014-2016,6,5,1,42,20,10.50,50,84.00,-,-,2,5,0
54,India,D Padikkal,2021-2021,2,2,-,38,29,19.00,38,100.00,-,-,-,2,1
55,India,D Mongia,2006-2006,1,1,-,38,38,38.00,45,84.44,-,-,-,4,1
56,India,PA Patel,2011-2011,2,2,-,36,26,18.00,32,112.50,-,-,-,4,1
57,India,STR Binny,2015-2016,3,2,-,35,24,17.50,29,120.68,-,-,-,2,1
58,India,R Dravid,2011-2011,1,1,-,31,31,31.00,21,147.61,-,-,-,0,3
59,India,Shivam Mavi,2023-2023,6,2,-,28,26,14.00,18,155.55,-,-,-,2,2
60,India,A Nehra,2009-2017,27,5,-,28,22,5.60,39,71.79,-,-,3,1,2
61,India,Avesh Khan,2022-2024,25,5,3,27,16,13.50,20,135.00,-,-,-,3,1
62,India,UT Yadav,2012-2022,9,2,1,22,20*,22.00,21,104.76,-,-,-,2,0
63,India,AB Dinda,2009-2012,9,2,1,22,19,22.00,24,91.66,-,-,-,1,0
64,India,S Sreesanth,2006-2008,10,3,2,20,19*,20.00,14,142.85,-,-,1,4,0
65,India,Ramandeep Singh,2024-2024,2,1,-,15,15,15.00,6,250.00,-,-,-,1,1
66,India,AB Agarkar,2006-2007,4,2,-,15,14,7.50,11,136.36,-,-,-,2,0
67,India,MK Tiwary,2011-2012,3,1,-,15,15,15.00,17,88.23,-,-,-,0,0
68,India,N Rana,2021-2021,2,2,-,15,9,7.50,27,55.55,-,-,-,0,0
69,India,Mohammed Siraj,2017-2024,16,4,2,14,7*,7.00,16,87.50,-,-,1,1,0
70,India,Z Khan,2006-2012,17,4,2,13,9,6.50,10,130.00,-,-,-,0,1
71,India,NA Saini,2019-2021,11,3,3,12,11*,-,11,109.09,-,-,-,2,0
72,India,DC Jurel,2024-2025,4,3,-,12,6,4.00,23,52.17,-,-,-,1,0
73,India,NV Ojha,2010-2010,2,2,-,12,10,6.00,27,44.44,-,-,-,2,0
74,India,PP Ojha,2009-2010,6,1,1,10,10*,-,6,166.66,-,-,-,0,1
75,India,SR Tendulkar,2006-2006,1,1,-,10,10,10.00,12,83.33,-,-,-,2,0
76,India,I Sharma,2008-2013,14,3,2,8,5*,8.00,9,88.88,-,-,1,1,0
77,India,JJ Bumrah,2016-2024,70,8,5,8,7,2.66,14,57.14,-,-,2,1,0
78,India,P Kumar,2008-2012,10,3,-,7,6,2.33,16,43.75,-,-,1,0,0
79,India,Mohammed Shami,2014-2025,25,5,3,6,6,3.00,10,60.00,-,-,1,0,1
80,India,YS Chahal,2016-2023,80,6,4,6,3*,3.00,13,46.15,-,-,-,0,0
81,India,Umran Malik,2022-2023,8,2,2,5,4*,-,2,250.00,-,-,-,1,0
82,India,RD Chahar,2019-2021,6,1,-,5,5,5.00,5,100.00,-,-,-,1,0
83,India,Mukesh Kumar,2023-2024,17,4,3,5,4*,5.00,5,100.00,-,-,1,1,0
84,India,Parvez Rasool,2017-2017,1,1,-,5,5,5.00,6,83.33,-,-,-,0,0
85,India,C Sakariya,2021-2021,2,1,1,5,5*,-,9,55.55,-,-,-,0,0
86,India,RP Singh,2007-2009,10,2,2,3,2*,-,3,100.00,-,-,-,0,0
87,India,MM Sharma,2014-2015,8,2,2,3,3*,-,7,42.85,-,-,-,0,0
88,India,R Vinay Kumar,2010-2013,9,1,1,2,2*,-,4,50.00,-,-,-,0,0
89,India,DS Kulkarni,2016-2016,2,1,1,1,1*,-,1,100.00,-,-,-,0,0
90,India,Sandeep Sharma,2015-2015,2,1,1,1,1*,-,1,100.00,-,-,-,0,0
91,India,MP Yadav,2024-2024,3,1,1,1,1*,-,1,100.00,-,-,-,0,0
92,India,R Dhawan,2016-2016,1,1,1,1,1*,-,2,50.00,-,-,-,0,0
93,India,KK Ahmed,2018-2024,18,2,2,1,1*,-,2,50.00,-,-,-,0,0
94,India,CV Varun,2021-2025,18,3,1,1,1*,0.50,6,16.66,-,-,2,0,0
95,Australia,Player,Span,Mat,Inns,NO,Runs,HS,Ave,BF,SR,100,50,0,4s,6s
96,Australia,DA Warner,2009-2024,110,110,12,3277,100*,33.43,2300,142.47,1,28,6,337,122
97,Australia,AJ Finch,2011-2022,103,103,12,3120,172,34.28,2189,142.53,2,19,8,309,125
98,Australia,GJ Maxwell,2012-2025,122,112,17,2755,145*,29.00,1770,155.64,5,11,5,231,145
99,Australia,MR Marsh,2011-2025,71,68,11,1723,92*,30.22,1273,135.34,-,9,3,149,82
100,Australia,SR Watson,2006-2016,58,56,6,1462,124*,29.24,1006,145.32,1,10,3,115,83
101,Australia,MP Stoinis,2015-2024,74,61,22,1245,78,31.92,838,148.56,-,5,2,99,63
102,Australia,MS Wade,2011-2024,92,68,22,1202,80,26.13,896,134.15,-,3,1,95,46
103,Australia,TM Head,2016-2025,39,38,4,1095,91,32.20,688,159.15,-,5,2,114,53
104,Australia,SPD Smith,2010-2024,67,55,11,1094,90,24.86,872,125.45,-,5,1,96,26
105,Australia,CL White,2007-2014,47,44,14,984,85*,32.80,740,132.97,-,5,3,71,44
106,Australia,JP Inglis,2022-2025,35,34,6,878,110,31.35,533,164.72,2,2,3,89,37
107,Australia,TH David,2022-2025,44,37,11,858,102*,33.00,494,173.68,1,3,4,61,62
108,Australia,DJ Hussey,2008-2012,39,36,3,756,88*,22.90,623,121.34,-,3,4,41,34
109,Australia,MEK Hussey,2005-2012,38,30,11,721,60*,37.94,529,136.29,-,4,1,58,25
110,Australia,DJM Short,2018-2020,23,23,2,642,76,30.57,540,118.88,-,4,1,71,15
111,Australia,C Green,2022-2025,19,18,4,503,62*,35.92,310,162.25,-,6,-,39,31
112,Australia,MJ Clarke,2005-2010,34,28,5,488,67,21.21,473,103.17,-,1,2,29,10
113,Australia,GJ Bailey,2012-2016,29,25,7,470,63,26.11,334,140.71,-,2,1,37,20
114,Australia,BJ Haddin,2006-2014,34,29,6,402,47,17.47,351,114.52,-,-,2,30,13
115,Australia,RT Ponting,2005-2009,17,16,2,401,98*,28.64,302,132.78,-,2,2,41,11
116,Australia,MC Henriques,2009-2021,24,21,4,355,62*,20.88,285,124.56,-,2,-,17,15
117,Australia,BR McDermott,2018-2023,25,23,4,342,54,18.00,343,99.70,-,2,3,17,13
118,Australia,A Symonds,2005-2009,14,11,4,337,85*,48.14,199,169.34,-,2,2,33,10
119,Australia,ML Hayden,2005-2007,9,9,3,308,73*,51.33,214,143.92,-,4,-,37,13
120,Australia,MW Short,2023-2024,14,13,-,293,66,22.53,179,163.68,-,1,1,29,15
121,Australia,CA Lynn,2014-2018,18,16,1,291,44,19.40,221,131.67,-,-,1,28,14
122,Australia,AC Agar,2016-2024,49,29,5,279,29,11.62,278,100.35,-,-,4,19,9
123,Australia,AC Gilchrist,2005-2008,13,13,1,272,48,22.66,192,141.66,-,-,-,27,13
124,Australia,SE Marsh,2008-2016,15,15,1,255,47*,18.21,248,102.82,-,-,2,15,10
125,Australia,UT Khawaja,2016-2016,9,9,-,241,58,26.77,182,132.41,-,1,-,31,5
126,Australia,AT Carey,2018-2021,38,26,5,233,37*,11.09,215,108.37,-,-,2,19,7
127,Australia,BJ Hodge,2007-2014,15,11,4,183,36,26.14,144,127.08,-,-,-,9,7
128,Australia,AM Hardie,2023-2025,15,10,3,179,28*,25.57,140,127.85,-,-,-,19,5
129,Australia,JP Faulkner,2012-2017,24,18,7,159,41*,14.45,138,115.21,-,-,-,7,5
130,Australia,PJ Cummins,2011-2024,57,27,12,158,28,10.53,133,118.79,-,-,4,11,7
131,Australia,NM Coulter-Nile,2013-2019,28,15,4,150,34,13.63,120,125.00,-,-,3,10,10
132,Australia,JR Philippe,2021-2023,12,12,-,150,45,12.50,137,109.48,-,-,1,11,5
133,Australia,M Klinger,2017-2017,3,3,-,143,62,47.66,112,127.67,-,1,-,12,2
134,Australia,AC Voges,2007-2013,7,5,2,139,51,46.33,114,121.92,-,1,-,8,2
135,Australia,MJ Owen,2025-2025,6,5,1,127,50,31.75,69,184.05,-,1,-,5,12
136,Australia,DR Martyn,2005-2006,4,4,-,120,96,30.00,74,162.16,-,1,-,11,5
137,Australia,DT Christian,2010-2021,23,14,6,118,39,14.75,93,126.88,-,-,1,7,6
138,Australia,J Fraser-McGurk,2024-2025,8,8,-,115,50,14.37,86,133.72,-,1,2,16,3
139,Australia,AJ Turner,2017-2023,19,14,5,110,24,12.22,131,83.96,-,-,1,4,2
140,Australia,MG Johnson,2007-2013,30,17,7,109,28*,10.90,95,114.73,-,-,2,8,3
141,Australia,DR Sams,2020-2022,10,7,3,106,41,26.50,62,170.96,-,-,-,8,6
142,Australia,JR Hopes,2005-2010,12,7,2,105,30,21.00,98,107.14,-,-,-,7,1
143,Australia,B Lee,2005-2012,25,12,6,101,43*,16.83,71,142.25,-,-,2,9,4
144,Australia,BR Dunk,2014-2017,5,5,-,99,32,19.80,69,143.47,-,-,-,8,6
145,Australia,MA Starc,2012-2024,65,21,11,98,14,9.80,100,98.00,-,-,-,4,2
146,Australia,AJ Tye,2016-2021,32,15,7,83,20,10.37,76,109.21,-,-,3,5,4
147,Australia,SM Katich,2005-2006,3,2,-,69,39,34.50,47,146.80,-,-,-,8,2
148,Australia,A Zampa,2016-2025,101,23,10,69,13*,5.30,78,88.46,-,-,3,7,0
149,Australia,GB Hogg,2006-2014,15,4,-,55,41,13.75,39,141.02,-,-,-,3,3
150,Australia,L Ronchi,2008-2009,3,2,-,47,36,23.50,27,174.07,-,-,-,8,1
151,Australia,TD Paine,2009-2017,10,7,1,47,21,7.83,40,117.50,-,-,2,4,2
152,Australia,JW Hastings,2010-2016,9,6,2,46,15,11.50,37,124.32,-,-,-,3,1
153,Australia,NJ Maddinson,2013-2018,6,4,-,45,34,11.25,35,128.57,-,-,-,6,1
154,Australia,JA Richardson,2017-2022,18,8,5,45,11,15.00,51,88.23,-,-,1,3,1
155,Australia,SA Abbott,2014-2025,24,10,5,36,12*,7.20,35,102.85,-,-,2,2,1
156,Australia,BCJ Cutting,2013-2014,4,3,-,35,29,11.66,23,152.17,-,-,1,1,3
157,Australia,PSP Handscomb,2019-2019,2,2,1,33,20*,33.00,33,100.00,-,-,-,1,0
158,Australia,MJ Swepson,2018-2022,8,5,5,32,14*,-,23,139.13,-,-,-,1,2
159,Australia,SNJ O'Keefe,2010-2011,7,5,-,32,22,6.40,26,123.07,-,-,-,4,1
160,Australia,BJ Dwarshuis,2022-2025,8,6,2,32,17,8.00,44,72.72,-,-,1,2,0
161,Australia,TR Birt,2010-2012,4,3,-,31,17,10.33,33,93.93,-,-,-,3,1
162,Australia,NT Ellis,2021-2025,26,7,3,30,12,7.50,49,61.22,-,-,1,1,1
163,Australia,JR Hazlewood,2013-2025,53,11,8,29,13*,9.66,28,103.57,-,-,2,2,1
164,Australia,PM Nevill,2016-2016,9,5,4,25,10*,25.00,11,227.27,-,-,-,1,2
165,Australia,JN Gillespie,2005-2005,1,1,-,24,24,24.00,18,133.33,-,-,-,4,0
166,Australia,MJ North,2009-2009,1,1,-,20,20,20.00,21,95.23,-,-,-,1,0
167,Australia,CJ McKay,2010-2013,6,4,2,19,7,9.50,22,86.36,-,-,1,1,1
168,Australia,XJ Doherty,2012-2013,11,4,3,18,9*,18.00,17,105.88,-,-,-,1,0
169,Australia,KW Richardson,2014-2023,36,7,3,17,9,4.25,17,100.00,-,-,1,0,0
170,Australia,DP Nannes,2009-2010,15,4,3,16,12*,16.00,11,145.45,-,-,-,1,1
171,Australia,BJ Rohrer,2013-2013,1,1,-,16,16,16.00,14,114.28,-,-,-,0,1
172,Australia,CJ Ferguson,2009-2009,3,3,-,16,8,5.33,19,84.21,-,-,1,1,0
173,Australia,LA Pomersbach,2007-2007,1,1,-,15,15,15.00,7,214.28,-,-,-,1,1
174,Australia,NW Bracken,2006-2009,19,6,3,15,4*,5.00,22,68.18,-,-,1,1,0
175,Australia,XC Bartlett,2024-2025,8,3,-,14,9,4.66,18,77.77,-,-,1,2,0
176,Australia,C Connolly,2024-2025,6,2,-,13,13,6.50,10,130.00,-,-,1,1,1
177,Australia,SW Tait,2007-2016,21,6,2,11,6,2.75,15,73.33,-,-,1,0,1
178,Australia,B Stanlake,2017-2019,19,2,1,9,7,9.00,12,75.00,-,-,-,0,1
179,Australia,JP Behrendorff,2017-2024,17,2,1,7,5,7.00,9,77.77,-,-,-,0,0
180,Australia,PJ Hughes,2014-2014,1,1,-,6,6,6.00,8,75.00,-,-,-,1,0
181,Australia,NM Hauritz,2009-2009,3,2,-,6,4,3.00,10,60.00,-,-,-,1,0
182,Australia,JL Pattinson,2011-2012,4,2,2,5,5*,-,3,166.66,-,-,-,1,0
183,Australia,GD McGrath,2005-2005,2,1,-,5,5,5.00,12,41.66,-,-,-,0,0
184,Australia,NM Lyon,2016-2018,2,1,1,4,4*,-,4,100.00,-,-,-,0,0
185,Australia,CJ Boyce,2014-2016,7,2,1,4,3,4.00,7,57.14,-,-,-,0,0
186,Australia,NJ Reardon,2014-2014,2,1,-,4,4,4.00,8,50.00,-,-,-,0,0
187,Australia,JM Muirhead,2014-2014,5,2,1,4,3,4.00,8,50.00,-,-,-,0,0
188,Australia,MS Kasprowicz,2005-2005,2,1,1,3,3*,-,5,60.00,-,-,-,0,0
189,Australia,Fawad Ahmed,2013-2013,2,1,1,3,3*,-,5,60.00,-,-,-,0,0
190,Australia,RJ Harris,2010-2010,3,1,1,2,2*,-,1,200.00,-,-,-,0,0
191,Australia,CJ Green,2023-2023,1,1,1,2,2*,-,3,66.66,-,-,-,0,0
192,Australia,M Labuschagne,2022-2022,1,1,-,2,2,2.00,4,50.00,-,-,-,0,0
193,Australia,T Sangha,2023-2023,7,1,1,2,2*,-,4,50.00,-,-,-,0,0
194,Australia,BW Hilfenhaus,2007-2012,7,3,1,2,2,1.00,10,20.00,-,-,1,0,0
195,Australia,PM Siddle,2009-2010,2,1,1,1,1*,-,1,100.00,-,-,-,0,0
196,Australia,JD Wildermuth,2018-2018,2,1,1,1,1*,-,1,100.00,-,-,-,0,0
197,Australia,DE Bollinger,2011-2014,9,2,2,1,1*,-,1,100.00,-,-,-,0,0
198,Bangladesh,Player,Span,Mat,Inns,NO,Runs,HS,Ave,BF,SR,100,50,0,4s,6s
199,Bangladesh,Shakib Al Hasan,2006-2024,129,127,17,2551,84,23.19,2105,121.18,-,13,9,258,53
200,Bangladesh,Mahmudullah,2007-2024,141,130,26,2444,64*,23.50,2082,117.38,-,8,5,184,77
201,Bangladesh,Litton Das,2015-2025,107,105,3,2292,83,22.47,1834,124.97,-,12,6,221,71
202,Bangladesh,Tamim Iqbal,2007-2020,74,74,5,1701,103*,24.65,1448,117.47,1,7,6,180,44
203,Bangladesh,Mushfiqur Rahim,2006-2022,102,93,16,1500,72*,19.48,1304,115.03,-,6,8,126,37
204,Bangladesh,Soumya Sarkar,2015-2024,87,86,4,1462,68,17.82,1197,122.13,-,5,13,145,55
205,Bangladesh,Afif Hossain,2018-2024,70,64,9,1117,77*,20.30,938,119.08,-,3,6,83,38
206,Bangladesh,Najmul Hossain Shanto,2019-2025,50,48,5,987,71,22.95,905,109.06,-,4,-,89,20
207,Bangladesh,Sabbir Rahman,2014-2022,48,47,5,977,80,23.26,819,119.29,-,4,3,92,29
208,Bangladesh,Towhid Hridoy,2023-2025,43,40,6,900,63*,26.47,719,125.17,-,3,3,60,37
209,Bangladesh,Mohammad Naim,2019-2025,38,38,2,860,81,23.88,841,102.25,-,4,2,77,18
210,Bangladesh,Tanzid Hasan,2024-2025,29,29,3,655,73*,25.19,508,128.93,-,5,4,64,32
211,Bangladesh,Jaker Ali,2023-2025,33,30,9,571,72*,27.19,452,126.32,-,3,1,28,37
212,Bangladesh,Mohammad Ashraful,2007-2013,23,23,-,450,65,19.56,356,126.40,-,2,2,48,11
213,Bangladesh,Nurul Hasan,2016-2022,46,41,14,445,42*,16.48,376,118.35,-,-,4,27,16
214,Bangladesh,Anamul Haque,2012-2022,20,20,2,445,58,24.72,395,112.65,-,1,1,46,14
215,Bangladesh,Shamim Hossain,2021-2025,34,27,5,426,51,19.36,331,128.70,-,1,-,42,15
216,Bangladesh,Mehidy Hasan Miraz,2017-2025,34,29,4,418,46,16.72,358,116.75,-,-,2,37,10
217,Bangladesh,Mahedi Hasan,2018-2025,61,43,10,401,33,12.15,400,100.25,-,-,8,29,13
218,Bangladesh,Mosaddek Hossain,2016-2022,33,31,10,389,48*,18.52,341,114.07,-,-,4,26,11
219,Bangladesh,Mashrafe Mortaza,2006-2017,54,39,11,377,36,13.46,277,136.10,-,-,6,28,23
220,Bangladesh,Parvez Hossain Emon,2022-2025,17,17,1,373,100,23.31,269,138.66,1,2,5,30,25
221,Bangladesh,Nasir Hossain,2011-2016,31,24,4,370,50*,18.50,326,113.49,-,2,2,30,7
222,Bangladesh,Mohammad Saifuddin,2017-2025,41,23,12,247,39*,22.45,216,114.35,-,-,2,19,9
223,Bangladesh,Aftab Ahmed,2006-2010,11,11,1,228,62*,22.80,178,128.08,-,1,-,26,6
224,Bangladesh,Rony Talukdar,2015-2023,11,10,-,224,67,22.40,165,135.75,-,1,-,24,7
225,Bangladesh,Taskin Ahmed,2014-2025,76,36,16,200,31,10.00,210,95.23,-,-,6,18,6
226,Bangladesh,Nazimuddin,2007-2008,7,7,-,178,81,25.42,158,112.65,-,1,2,13,10
227,Bangladesh,Rishad Hossain,2023-2025,40,25,6,170,53,8.94,131,129.77,-,1,4,9,14
228,Bangladesh,Junaid Siddique,2007-2012,7,7,-,159,71,22.71,108,147.22,-,1,1,16,7
229,Bangladesh,Tanzim Hasan Sakib,2023-2025,28,17,7,139,50,13.90,134,103.73,-,1,1,8,7
230,Bangladesh,Naeem Islam,2008-2013,10,10,1,130,28,14.44,114,114.03,-,-,-,8,7
231,Bangladesh,Yasir Ali,2022-2023,11,11,3,128,42*,16.00,90,142.22,-,-,-,12,5
232,Bangladesh,Mohammad Mithun,2014-2021,17,13,1,127,47,10.58,136,93.38,-,-,2,10,4
233,Bangladesh,Imrul Kayes,2010-2017,14,13,-,119,36,9.15,134,88.80,-,-,4,14,3
234,Bangladesh,Ziaur Rahman,2012-2014,14,12,3,117,40*,13.00,91,128.57,-,-,3,3,10
235,Bangladesh,Mustafizur Rahman,2015-2025,111,33,14,87,15,4.57,117,74.35,-,-,7,3,5
236,Bangladesh,Shamsur Rahman,2013-2014,9,8,-,86,53,10.75,85,101.17,-,1,2,12,1
237,Bangladesh,Nasum Ahmed,2021-2025,36,17,9,77,19*,9.62,82,93.90,-,-,4,6,2
238,Bangladesh,Farhad Reza,2006-2014,13,9,-,72,19,8.00,88,81.81,-,-,1,4,2
239,Bangladesh,Shoriful Islam,2021-2025,50,21,8,66,16*,5.07,56,117.85,-,-,4,7,3
240,Bangladesh,Mominul Haque,2012-2014,6,4,1,60,26*,20.00,50,120.00,-,-,-,5,2
241,Bangladesh,Ariful Haque,2018-2018,9,8,4,59,18*,14.75,61,96.72,-,-,1,4,0
242,Bangladesh,Abu Hider,2016-2018,13,5,4,58,22*,58.00,43,134.88,-,-,-,5,4
243,Bangladesh,Sohag Gazi,2012-2015,10,7,3,57,24,14.25,59,96.61,-,-,-,3,1
244,Bangladesh,Alok Kapali,2007-2011,7,7,2,57,19,11.40,85,67.05,-,-,2,3,1
245,Bangladesh,Saif Hassan,2021-2023,5,5,1,52,50*,13.00,64,81.25,-,1,2,1,3
246,Bangladesh,Raqibul Hasan,2008-2010,5,5,-,51,18,10.20,62,82.25,-,-,-,3,1
247,Bangladesh,Hasan Mahmud,2020-2025,26,9,7,50,26*,25.00,51,98.03,-,-,1,0,4
248,Bangladesh,Abdur Razzak,2006-2014,34,20,10,41,9,4.10,74,55.40,-,-,5,1,0
249,Bangladesh,Shuvagata Hom,2016-2016,5,4,2,35,16*,17.50,35,100.00,-,-,-,3,1
250,Bangladesh,Aminul Islam,2019-2021,10,7,4,35,9,11.66,41,85.36,-,-,-,4,0
251,Bangladesh,Arafat Sunny,2014-2016,10,6,3,34,10,11.33,30,113.33,-,-,-,3,1
252,Bangladesh,Munim Shahriar,2022-2022,5,5,-,34,17,6.80,47,72.34,-,-,-,5,0
253,Bangladesh,Jahurul Islam,2010-2013,3,3,-,31,18,10.33,23,134.78,-,-,-,3,1
254,Bangladesh,Nadif Chowdhury,2006-2007,3,3,-,27,12,9.00,23,117.39,-,-,-,2,0
255,Bangladesh,Shahadat Hossain,2023-2023,3,2,-,26,21,13.00,33,78.78,-,-,-,3,0
256,Bangladesh,Shahriar Nafees,2006-2006,1,1,-,25,25,25.00,17,147.05,-,-,-,3,1
257,Bangladesh,Shafiul Islam,2010-2020,20,6,1,23,16,4.60,33,69.69,-,-,1,1,1
258,Bangladesh,Rubel Hossain,2009-2021,28,15,10,20,8*,4.00,36,55.55,-,-,4,1,0
259,Bangladesh,Muktar Ali,2016-2016,1,1,1,19,19*,-,15,126.66,-,-,-,1,1
260,Bangladesh,Rakibul Hasan,2023-2023,3,2,1,18,14,18.00,7,257.14,-,-,-,3,1
261,Bangladesh,Nazmul Islam,2018-2018,13,4,3,18,7,18.00,17,105.88,-,-,-,2,0
262,Bangladesh,Mehrab Hossain jnr,2008-2009,2,2,1,16,10,16.00,25,64.00,-,-,-,1,0
263,Bangladesh,Abul Hasan,2012-2018,5,2,-,14,9,7.00,11,127.27,-,-,-,2,0
264,Bangladesh,Mohammad Rafique,2006-2006,1,1,-,13,13,13.00,5,260.00,-,-,-,3,0
265,Bangladesh,Tanvir Islam,2023-2025,6,3,2,12,8,12.00,16,75.00,-,-,-,1,0
266,Bangladesh,Zakir Hasan,2018-2023,4,4,-,11,10,2.75,19,57.89,-,-,2,1,0
267,Bangladesh,Elias Sunny,2012-2012,7,4,2,9,5,4.50,9,100.00,-,-,-,1,0
268,Bangladesh,Shahadat Hossain,2006-2013,6,5,3,8,4*,4.00,12,66.66,-,-,1,0,0
269,Bangladesh,Syed Rasel,2007-2008,8,3,1,7,6,3.50,9,77.77,-,-,-,1,0
270,Bangladesh,Al-Amin Hossain,2013-2020,31,6,4,7,5*,3.50,12,58.33,-,-,1,1,0
271,Bangladesh,Mahmudul Hasan Joy,2023-2023,3,2,-,5,5,2.50,10,50.00,-,-,1,0,0
272,Bangladesh,Nazmus Sadat,2006-2006,1,1,-,4,4,4.00,3,133.33,-,-,-,0,0
273,Bangladesh,Mrittunjoy Chowdhury,2023-2023,1,1,-,4,4,4.00,11,36.36,-,-,-,0,0
274,Bangladesh,Abu Jayed,2018-2018,3,2,-,3,2,1.50,7,42.85,-,-,-,0,0
275,Bangladesh,Nazmul Hossain,2009-2012,4,2,2,3,3*,-,15,20.00,-,-,-,0,0
276,Bangladesh,Dhiman Ghosh,2008-2008,1,1,-,1,1,1.00,2,50.00,-,-,-,0,0
277,Bangladesh,Sohrawordi Shuvo,2010-2010,1,1,1,1,1*,-,3,33.33,-,-,-,0,0
278,England,Player,Span,Mat,Inns,NO,Runs,HS,Ave,BF,SR,100,50,0,4s,6s
279,England,JC Buttler,2011-2025,137,126,23,3700,101*,35.92,2516,147.05,1,27,8,333,160
280,England,EJG Morgan,2009-2022,115,107,21,2458,91,28.58,1805,136.17,-,14,3,186,120
281,England,AD Hales,2011-2022,75,75,8,2074,116*,30.95,1499,138.35,1,12,5,225,70
282,England,DJ Malan,2017-2023,62,60,8,1892,103*,36.38,1428,132.49,1,16,2,194,62
283,England,JM Bairstow,2011-2024,80,72,16,1671,90,29.83,1215,137.53,-,10,6,148,76
284,England,JJ Roy,2014-2022,64,64,1,1522,78,24.15,1106,137.61,-,8,7,153,69
285,England,MM Ali,2014-2024,92,75,17,1229,72*,21.18,863,142.41,-,7,9,88,68
286,England,PD Salt,2022-2025,43,40,5,1193,119,34.08,726,164.32,3,5,4,116,61
287,England,KP Pietersen,2005-2013,37,36,5,1176,79,37.93,831,141.51,-,7,1,119,32
288,England,LS Livingstone,2017-2025,60,47,9,955,103,25.13,641,148.98,1,2,3,54,59
289,England,JE Root,2012-2019,32,30,5,893,90*,35.72,707,126.30,-,5,2,92,16
290,England,HC Brook,2022-2025,47,40,10,873,81*,29.10,593,147.21,-,4,-,70,38
291,England,LJ Wright,2007-2014,51,45,5,759,99*,18.97,554,137.00,-,4,9,68,31
292,England,RS Bopara,2008-2014,38,35,10,711,65*,28.44,599,118.69,-,3,-,54,17
293,England,BA Stokes,2011-2022,43,36,9,585,52*,21.66,457,128.00,-,1,1,42,22
294,England,PD Collingwood,2005-2011,35,33,2,583,79,18.80,459,127.01,-,3,3,37,24
295,England,MJ Lumb,2010-2014,27,27,1,552,63,21.23,413,133.65,-,3,1,64,21
296,England,BM Duckett,2019-2025,20,20,2,527,84,29.27,343,153.64,-,3,1,69,8
297,England,C Kieswetter,2010-2012,25,25,1,526,63,21.91,470,111.91,-,3,2,47,23
298,England,SW Billings,2015-2022,36,32,5,474,87,17.55,362,130.93,-,2,1,40,16
299,England,JM Vince,2015-2022,17,17,-,463,59,27.23,361,128.25,-,2,-,47,14
300,England,CJ Jordan,2014-2024,95,57,25,439,36,13.71,340,129.11,-,-,3,31,21
301,England,WG Jacks,2022-2025,26,23,-,399,40,17.34,293,136.17,-,-,1,41,15
302,England,T Banton,2019-2025,17,16,1,360,73,24.00,236,152.54,-,2,-,32,19
303,England,SM Curran,2019-2024,58,34,9,356,50,14.24,286,124.47,-,1,-,21,15
304,England,OA Shah,2007-2009,17,15,1,347,55*,24.78,284,122.18,-,1,-,26,13
305,England,JG Bethell,2024-2025,13,12,5,281,62*,40.14,182,154.39,-,2,-,16,19
306,England,DJ Willey,2015-2022,43,26,11,226,33*,15.06,173,130.63,-,-,2,15,13
307,England,TT Bresnan,2006-2014,34,22,9,216,47*,16.61,170,127.05,-,-,3,16,6
308,England,SR Patel,2011-2013,18,14,2,189,67,15.75,173,109.24,-,1,2,17,5
309,England,IR Bell,2006-2014,8,8,1,188,60*,26.85,163,115.33,-,1,-,23,2
310,England,ME Trescothick,2005-2006,3,3,-,166,72,55.33,131,126.71,-,2,-,23,1
311,England,AU Rashid,2009-2025,127,41,20,155,22,7.38,175,88.57,-,-,3,12,1
312,England,CR Woakes,2011-2023,33,17,8,147,37,16.33,117,125.64,-,-,2,9,7
313,England,IJL Trott,2007-2010,7,7,1,138,51,23.00,144,95.83,-,1,-,9,3
314,England,JL Smith,2025-2025,5,5,-,130,60,26.00,67,194.02,-,1,-,9,10
315,England,MJ Prior,2007-2010,10,8,2,127,32,21.16,100,127.00,-,-,1,11,5
316,England,JL Denly,2009-2020,13,12,2,125,30,12.50,118,105.93,-,-,2,15,1
317,England,AD Mascarenhas,2007-2009,14,13,5,123,31,15.37,100,123.00,-,-,3,8,5
318,England,SCJ Broad,2006-2014,56,26,10,118,18*,7.37,118,100.00,-,-,2,7,3
319,England,DL Maddy,2007-2007,4,4,-,113,50,28.25,80,141.25,-,1,-,12,3
320,England,GP Swann,2008-2012,39,16,11,104,34,20.80,89,116.85,-,-,2,9,1
321,England,SM Davies,2009-2011,5,5,-,102,33,20.40,82,124.39,-,-,-,12,0
322,England,MH Yardy,2006-2011,14,8,5,96,35*,32.00,72,133.33,-,-,3,9,1
323,England,JC Archer,2019-2025,34,12,5,82,21,11.71,62,132.25,-,-,3,6,4
324,England,A Flintoff,2005-2007,7,7,1,76,31,12.66,60,126.66,-,-,1,7,2
325,England,VS Solanki,2005-2007,3,3,-,76,43,25.33,61,124.59,-,-,-,10,1
326,England,AJ Strauss,2005-2009,4,4,-,73,33,18.25,64,114.06,-,-,1,9,0
327,England,TK Curran,2017-2021,30,13,7,64,14*,10.66,56,114.28,-,-,-,1,4
328,England,AN Cook,2007-2009,4,4,-,61,26,15.25,54,112.96,-,-,-,10,0
329,England,P Mustard,2008-2008,2,2,-,60,40,30.00,37,162.16,-,-,-,5,4
330,England,JWM Dalrymple,2006-2007,3,3,-,60,32,20.00,57,105.26,-,-,-,6,0
331,England,LA Dawson,2016-2025,14,5,1,57,34,14.25,36,158.33,-,-,-,8,2
332,England,J Overton,2024-2025,12,8,2,50,19,8.33,47,106.38,-,-,1,3,1
333,England,L Gregory,2019-2021,9,7,1,45,15,7.50,41,109.75,-,-,1,2,2
334,England,BA Carse,2023-2025,11,7,2,43,31,8.60,34,126.47,-,-,2,2,3
335,England,LE Plunkett,2006-2019,22,11,4,42,18,6.00,34,123.52,-,-,3,3,1
336,England,Rehan Ahmed,2023-2024,10,6,2,38,11,9.50,29,131.03,-,-,1,4,2
337,England,JS Foster,2009-2009,5,5,2,37,14*,12.33,32,115.62,-,-,-,0,1
338,England,S Mahmood,2019-2025,19,9,4,35,12,7.00,45,77.77,-,-,1,2,1
339,England,GO Jones,2005-2006,2,2,1,33,19,33.00,25,132.00,-,-,-,5,0
340,England,JC Tredwell,2012-2014,17,6,3,32,22,10.66,20,160.00,-,-,1,4,1
341,England,PA Nixon,2007-2007,1,1,1,31,31*,-,22,140.90,-,-,-,2,1
342,England,MP Vaughan,2005-2007,2,2,-,27,27,13.50,22,122.72,-,-,1,4,0
343,England,MA Wood,2015-2025,38,7,5,27,10*,13.50,28,96.42,-,-,1,2,0
344,England,CP Schofield,2007-2007,4,4,3,24,9*,24.00,20,120.00,-,-,-,2,0
345,England,JW Dernbach,2011-2014,34,7,2,24,12,4.80,21,114.28,-,-,1,3,0
346,England,JM Cox,2024-2024,2,2,-,17,17,8.50,14,121.42,-,-,1,3,0
347,England,RJW Topley,2015-2024,35,10,8,17,9,8.50,20,85.00,-,-,1,1,0
348,England,SG Borthwick,2011-2011,1,1,-,14,14,14.00,16,87.50,-,-,-,2,0
349,England,ST Finn,2011-2015,21,3,3,14,8*,-,19,73.68,-,-,-,1,0
350,England,CMW Read,2006-2006,1,1,-,13,13,13.00,11,118.18,-,-,-,2,0
351,England,RWT Key,2009-2009,1,1,1,10,10*,-,8,125.00,-,-,-,0,0
352,England,AAP Atkinson,2023-2025,4,2,1,10,8*,10.00,23,43.47,-,-,-,0,0
353,England,DR Mousley,2024-2024,4,1,-,8,8,8.00,6,133.33,-,-,-,0,1
354,England,TS Mills,2016-2023,15,5,2,8,7,2.66,12,66.66,-,-,2,0,1
355,England,MA Carberry,2014-2014,1,1,-,7,7,7.00,7,100.00,-,-,-,1,0
356,England,JN Snape,2007-2007,1,1,-,7,7,7.00,11,63.63,-,-,-,0,0
357,England,RJ Sidebottom,2007-2010,18,1,1,5,5*,-,4,125.00,-,-,-,1,0
358,England,MW Parkinson,2019-2022,6,4,-,5,5,1.25,11,45.45,-,-,3,1,0
359,England,GJ Batty,2009-2009,1,1,-,4,4,4.00,7,57.14,-,-,-,0,0
360,England,PR Brown,2019-2019,4,1,1,4,4*,-,9,44.44,-,-,-,0,0
361,England,L Wood,2022-2025,7,1,-,3,3,3.00,4,75.00,-,-,-,0,0
362,England,A Khan,2009-2009,1,1,-,2,2,2.00,4,50.00,-,-,-,0,0
363,England,GHS Garton,2022-2022,1,1,-,2,2,2.00,4,50.00,-,-,-,0,0
364,England,RJ Gleeson,2022-2022,6,2,-,2,2,1.00,4,50.00,-,-,1,0,0
365,England,RJ Kirtley,2007-2007,1,1,1,2,2*,-,4,50.00,-,-,-,0,0
366,England,SD Parry,2014-2015,5,1,-,1,1,1.00,1,100.00,-,-,-,0,0
367,England,MS Panesar,2007-2007,1,1,-,1,1,1.00,2,50.00,-,-,-,0,0
368,England,JM Anderson,2007-2009,19,4,3,1,1*,1.00,2,50.00,-,-,1,0,0
369,England,SI Mahmood,2006-2009,4,2,2,1,1*,-,2,50.00,-,-,-,0,0
370,England,EC Joyce,2006-2007,2,1,-,1,1,1.00,3,33.33,-,-,-,0,0
371,England,J Lewis,2005-2007,2,2,1,1,1,1.00,4,25.00,-,-,-,0,0
372,New,Player,Span,Mat,Inns,NO,Runs,HS,Ave,BF,SR,100,50,0,4s,6s
373,New,MJ Guptill,2009-2022,122,118,7,3531,105,31.81,2602,135.70,2,20,3,309,173
374,New,KS Williamson,2011-2024,93,90,13,2575,95,33.44,2092,123.08,-,18,4,245,58
375,New,BB McCullum,2005-2015,71,70,10,2140,123,35.66,1571,136.21,2,13,3,199,91
376,New,GD Phillips,2017-2025,83,74,12,1929,108,31.11,1372,140.59,2,10,3,138,91
377,New,LRPL Taylor,2006-2020,102,94,21,1909,63,26.15,1560,122.37,-,7,6,121,71
378,New,TL Seifert,2018-2025,71,68,9,1736,97*,29.42,1220,142.29,-,12,5,153,84
379,New,C Munro,2012-2020,65,62,7,1724,109*,31.34,1102,156.44,3,11,5,132,107
380,New,DP Conway,2020-2025,54,50,10,1542,99*,38.55,1198,128.71,-,11,1,150,40
381,New,DJ Mitchell,2019-2025,79,74,17,1540,72*,27.01,1118,137.74,-,8,2,105,57
382,New,MS Chapman,2018-2025,71,62,13,1360,104*,27.75,969,140.35,1,8,4,116,57
383,New,FH Allen,2021-2025,52,52,1,1285,137,25.19,787,163.27,2,5,5,113,89
384,New,JDS Neesham,2012-2025,84,67,21,955,48*,20.76,629,151.82,-,-,7,73,51
385,New,MJ Santner,2015-2025,114,76,32,735,77*,16.70,612,120.09,-,1,5,55,24
386,New,SB Styris,2005-2010,31,29,2,578,66,21.40,483,119.66,-,1,-,40,25
387,New,TWM Latham,2012-2023,26,23,3,516,65*,25.80,474,108.86,-,3,1,42,8
388,New,C de Grandhomme,2012-2021,41,39,7,505,59,15.78,365,138.35,-,3,6,27,30
389,New,CJ Anderson,2012-2018,31,24,4,485,94*,24.25,351,138.17,-,2,3,30,26
390,New,JDP Oram,2005-2012,36,30,7,474,66*,20.60,339,139.82,-,2,3,38,22
391,New,JEC Franklin,2006-2013,38,31,8,463,60,20.13,391,118.41,-,2,2,28,23
392,New,JD Ryder,2008-2014,22,21,1,457,62,22.85,358,127.65,-,3,2,47,18
393,New,R Ravindra,2021-2025,30,28,6,452,69,20.54,332,136.14,-,3,2,34,19
394,New,MG Bracewell,2022-2025,36,25,9,382,61*,23.87,274,139.41,-,2,4,32,16
395,New,WA Young,2021-2024,20,19,-,344,56,18.10,338,101.77,-,2,-,35,10
396,New,RJ Nicol,2010-2013,21,19,-,327,58,17.21,296,110.47,-,2,2,33,11
397,New,L Ronchi,2013-2017,29,23,6,312,51*,18.35,227,137.44,-,1,4,22,13
398,New,TG Southee,2008-2024,126,50,23,303,39,11.22,218,138.99,-,-,6,20,18
399,New,NL McCullum,2007-2016,63,41,15,299,36*,11.50,297,100.67,-,-,4,19,8
400,New,TC Bruce,2017-2020,17,17,2,279,59*,18.60,228,122.36,-,2,2,24,7
401,New,TB Robinson,2024-2025,12,12,2,278,75*,27.80,213,130.51,-,2,2,23,11
402,New,DL Vettori,2007-2014,34,22,6,205,38,12.81,190,107.89,-,-,3,14,2
403,New,IS Sodhi,2014-2025,126,39,12,198,19,7.33,194,102.06,-,-,6,12,9
404,New,CD McMillan,2005-2007,8,7,1,187,57,31.16,117,159.82,-,1,-,8,14
405,New,CJ Bowes,2023-2023,11,11,-,187,54,17.00,156,119.87,-,1,1,27,2
406,New,L Vincent,2006-2007,9,9,-,174,42,19.33,174,100.00,-,-,1,17,3
407,New,GD Elliott,2009-2016,16,14,4,157,27,15.70,149,105.36,-,-,-,10,2
408,New,HD Rutherford,2013-2019,8,7,-,151,62,21.57,105,143.80,-,1,1,12,9
409,New,KD Mills,2005-2014,42,19,7,137,33*,11.41,123,111.38,-,-,4,11,5
410,New,PG Fulton,2006-2012,12,12,1,127,25,11.54,140,90.71,-,-,2,7,6
411,New,AJ Redmond,2009-2010,7,6,-,126,63,21.00,84,150.00,-,1,-,19,2
412,New,DAJ Bracewell,2011-2021,20,11,5,126,44,21.00,90,140.00,-,-,2,6,9
413,New,D Cleaver,2022-2023,9,7,1,122,78*,20.33,101,120.79,-,1,1,10,5
414,New,AP Devcich,2013-2014,4,4,-,111,59,27.75,79,140.50,-,1,-,17,2
415,New,SP Fleming,2005-2006,5,5,-,110,38,22.00,85,129.41,-,-,-,20,0
416,New,CE McConchie,2021-2024,12,9,3,100,31*,16.66,95,105.26,-,-,2,7,0
417,New,HM Nicholls,2016-2021,10,9,1,100,36*,12.50,112,89.28,-,-,-,9,0
418,New,TA Blundell,2017-2024,9,8,2,91,30*,15.16,94,96.80,-,-,-,10,0
419,New,GH Worker,2015-2015,2,2,-,90,62,45.00,64,140.62,-,1,-,6,5
420,New,D Foxcroft,2023-2024,5,4,-,88,34,22.00,79,111.39,-,-,-,2,5
421,New,MJ Hay,2024-2025,11,9,2,87,41*,12.42,68,127.94,-,-,2,5,4
422,New,GJ Hopkins,2007-2010,10,8,-,86,36,10.75,71,121.12,-,-,-,5,5
423,New,AF Milne,2010-2025,56,21,11,83,16*,8.30,86,96.51,-,-,3,1,6
424,New,SC Kuggeleijn,2019-2021,18,8,4,79,35*,19.75,37,213.51,-,-,2,5,7
425,New,JA Clarkson,2024-2024,8,5,1,75,38*,18.75,71,105.63,-,-,1,4,4
426,New,NJ Astle,2005-2006,4,4,1,74,40*,24.66,67,110.44,-,-,-,7,2
427,New,NT Broom,2009-2017,11,7,1,73,36,12.16,68,107.35,-,-,-,8,1
428,New,PD McGlashan,2006-2010,11,9,1,61,26,7.62,64,95.31,-,-,-,6,2
429,New,ZGF Foulkes,2024-2025,13,7,4,59,27*,19.66,41,143.90,-,-,1,3,2
430,New,DR Flynn,2008-2012,5,5,-,59,23,11.80,51,115.68,-,-,-,1,4
431,New,TA Boult,2013-2024,61,15,8,58,16,8.28,64,90.62,-,-,1,3,2
432,New,JM How,2007-2008,5,5,-,56,31,11.20,67,83.58,-,-,-,5,1
433,New,KA Jamieson,2020-2025,15,6,3,49,30,16.33,34,144.11,-,-,1,7,0
434,New,BJ Jacobs,2025-2025,3,2,1,44,44*,44.00,32,137.50,-,-,1,1,3
435,New,AK Kitchen,2017-2018,5,4,1,38,16,12.66,32,118.75,-,-,-,3,1
436,New,BJ Watling,2009-2014,5,4,-,38,22,9.50,58,65.51,-,-,-,3,0
437,New,BM Wheeler,2017-2018,6,4,2,37,30,18.50,28,132.14,-,-,-,3,2
438,New,RM Hira,2012-2013,15,3,1,37,20*,18.50,33,112.12,-,-,-,4,1
439,New,LH Ferguson,2017-2024,43,15,7,29,14,3.62,36,80.55,-,-,4,0,2
440,New,AM Ellis,2012-2013,5,5,2,25,16,8.33,21,119.04,-,-,-,1,1
441,New,MJ Henry,2014-2025,25,7,3,24,12,6.00,27,88.88,-,-,1,2,1
442,New,PJ Ingram,2010-2010,3,3,1,22,20*,11.00,35,62.85,-,-,1,3,0
443,New,SE Bond,2005-2010,20,8,3,21,8*,4.20,21,100.00,-,-,2,2,0
444,New,BV Sears,2021-2025,20,6,4,21,7*,10.50,23,91.30,-,-,-,2,0
445,New,MR Gillespie,2006-2008,11,6,4,21,7,10.50,29,72.41,-,-,-,0,0
446,New,JA Duffy,2020-2025,27,5,2,19,8*,6.33,23,82.60,-,-,1,2,0
447,New,JW Wilson,2005-2005,1,1,-,18,18,18.00,14,128.57,-,-,-,2,0
448,New,JAH Marshall,2005-2008,3,2,-,14,13,7.00,15,93.33,-,-,-,2,0
449,New,MJ McClenaghan,2012-2016,28,7,4,14,6*,4.66,15,93.33,-,-,2,1,1
450,New,PA Hitchcock,2008-2008,1,1,-,13,13,13.00,11,118.18,-,-,-,1,1
451,New,AR Adams,2005-2006,4,2,1,13,7,13.00,12,108.33,-,-,-,1,0
452,New,HJH Marshall,2005-2006,3,3,-,12,8,4.00,14,85.71,-,-,-,0,0
453,New,BM Tickner,2019-2023,18,4,2,11,5*,5.50,23,47.82,-,-,-,0,0
454,New,SHA Rance,2017-2019,8,3,-,10,8,3.33,21,47.61,-,-,-,0,0
455,New,JS Patel,2005-2008,11,4,1,9,5,3.00,14,64.28,-,-,1,1,0
456,New,AY Patel,2018-2021,7,2,-,7,4,3.50,14,50.00,-,-,-,0,0
457,New,DG Brownlie,2010-2014,5,5,-,6,5,1.20,18,33.33,-,-,3,1,0
458,New,DR Tuffey,2005-2010,3,2,1,5,5*,5.00,5,100.00,-,-,1,1,0
459,New,CS Martin,2007-2008,6,1,1,5,5*,-,6,83.33,-,-,-,0,0
460,New,IG Butler,2009-2013,19,6,5,5,2*,5.00,10,50.00,-,-,-,0,0
461,New,TD Astle,2016-2021,5,2,-,4,3,2.00,10,40.00,-,-,-,0,0
462,New,CL Cairns,2005-2006,2,2,-,3,2,1.50,13,23.07,-,-,-,0,0
463,New,MJ Mason,2006-2008,3,1,-,2,2,2.00,2,100.00,-,-,-,0,0
464,New,HB Shipley,2023-2023,5,2,2,2,1*,-,2,100.00,-,-,-,0,0
465,New,EP Thompson,2008-2008,1,1,1,1,1*,-,1,100.00,-,-,-,0,0
466,New,HK Bennett,2020-2021,11,2,2,1,1*,-,2,50.00,-,-,-,0,0
467,New,BG Lister,2023-2024,12,3,1,1,1,0.50,6,16.66,-,-,1,0,0
468,Pakistan,Player,Span,Mat,Inns,NO,Runs,HS,Ave,BF,SR,100,50,0,4s,6s
469,Pakistan,Babar Azam,2016-2024,128,121,15,4223,122,39.83,3268,129.22,3,36,7,447,73
470,Pakistan,Mohammad Rizwan,2015-2024,106,93,21,3414,104*,47.41,2723,125.37,1,30,5,285,95
471,Pakistan,Mohammad Hafeez,2006-2021,119,108,13,2514,99*,26.46,2060,122.03,-,14,7,251,76
472,Pakistan,Shoaib Malik,2006-2021,123,110,33,2423,75,31.46,1928,125.67,-,9,2,195,69
473,Pakistan,Fakhar Zaman,2017-2025,97,89,3,1949,91,22.66,1479,131.77,-,11,6,183,78
474,Pakistan,Umar Akmal,2009-2019,84,79,14,1690,94,26.00,1377,122.73,-,8,10,122,55
475,Pakistan,Ahmed Shehzad,2009-2019,59,59,2,1471,111*,25.80,1282,114.74,1,7,2,157,33
476,Pakistan,Shahid Afridi,2006-2016,98,90,12,1405,54*,18.01,932,150.75,-,4,8,102,73
477,Pakistan,Iftikhar Ahmed,2016-2024,66,55,14,998,62*,24.34,773,129.10,-,4,2,66,44
478,Pakistan,Kamran Akmal,2006-2017,58,53,6,987,73,21.00,825,119.63,-,5,7,100,31
479,Pakistan,Sarfaraz Ahmed,2010-2021,61,42,12,818,89*,27.26,653,125.26,-,3,2,79,15
480,Pakistan,Shadab Khan,2017-2025,112,58,14,792,52,18.00,565,140.17,-,1,6,56,38
481,Pakistan,Misbah-ul-Haq,2007-2012,39,34,13,788,87*,37.52,715,110.20,-,3,2,45,26
482,Pakistan,Saim Ayub,2023-2025,36,34,2,705,98*,22.03,514,137.15,-,3,4,75,31
483,Pakistan,Salman Butt,2007-2010,24,23,2,595,74,28.33,551,107.98,-,3,1,66,10
484,Pakistan,Asif Ali,2018-2023,58,51,13,577,41*,15.18,431,133.87,-,-,4,27,37
485,Pakistan,Imad Wasim,2015-2024,75,50,15,554,64*,15.82,426,130.04,-,1,6,55,12
486,Pakistan,Mohammad Nawaz,2016-2025,66,43,12,518,45*,16.70,391,132.48,-,-,5,40,27
487,Pakistan,Haider Ali,2020-2023,35,32,3,505,68,17.41,405,124.69,-,3,3,43,22
488,Pakistan,Imran Nazir,2007-2012,25,24,1,500,72,21.73,370,135.13,-,3,2,59,22
489,Pakistan,Younis Khan,2006-2010,25,23,3,442,51,22.10,364,121.42,-,2,2,31,12
490,Pakistan,Khushdil Shah,2019-2025,37,32,8,430,36*,17.91,411,104.62,-,-,-,27,20
491,Pakistan,Faheem Ashraf,2017-2025,57,41,10,408,51,13.16,306,133.33,-,1,5,24,25
492,Pakistan,Sharjeel Khan,2013-2021,21,18,-,406,59,22.55,305,133.11,-,2,-,53,15
493,Pakistan,Shan Masood,2022-2022,19,17,4,395,65*,30.38,324,121.91,-,3,2,30,7
494,Pakistan,Hussain Talat,2018-2025,19,19,2,395,63,23.23,337,117.21,-,2,1,37,5
495,Pakistan,Abdul Razzaq,2006-2013,32,29,10,393,46*,20.68,337,116.61,-,-,2,21,21
496,Pakistan,Mohammad Haris,2022-2025,23,23,2,391,107*,18.61,270,144.81,1,-,3,34,22
497,Pakistan,Agha Salman,2024-2025,20,18,4,380,56,27.14,328,115.85,-,3,1,38,9
498,Pakistan,Nasir Jamshed,2012-2013,18,18,1,363,56,21.35,320,113.43,-,2,1,34,12
499,Pakistan,Hasan Nawaz,2025-2025,14,14,2,339,105*,28.25,193,175.64,1,1,5,19,27
500,Pakistan,Sahibzada Farhan,2018-2025,15,15,-,315,74,21.00,248,127.01,-,3,1,22,20
501,Pakistan,Sohaib Maqsood,2013-2021,26,22,2,273,37,13.65,234,116.66,-,-,2,20,11
502,Pakistan,Usman Khan,2024-2025,19,17,1,239,52,14.93,196,121.93,-,1,-,21,6
503,Pakistan,Khalid Latif,2008-2016,13,13,2,237,59*,21.54,229,103.49,-,1,1,25,6
504,Pakistan,Shaheen Shah Afridi,2018-2025,81,28,11,213,23*,12.52,179,118.99,-,-,4,12,15
505,Pakistan,Haris Sohail,2013-2019,14,13,2,210,52,19.09,204,102.94,-,2,1,16,3
506,Pakistan,Sohail Tanvir,2007-2017,57,25,8,196,41,11.52,164,119.51,-,-,2,16,9
507,Pakistan,Fawad Alam,2007-2010,24,17,6,194,28,17.63,169,114.79,-,-,1,7,7
508,Pakistan,Mukhtar Ahmed,2015-2015,6,6,-,192,83,32.00,134,143.28,-,2,-,23,5
509,Pakistan,Asad Shafiq,2010-2012,10,10,-,192,38,19.20,185,103.78,-,-,-,19,2
510,Pakistan,Irfan Khan,2024-2025,14,11,4,189,37*,27.00,140,135.00,-,-,1,20,7
511,Pakistan,Umar Gul,2007-2016,60,27,9,165,32,9.16,156,105.76,-,-,6,11,10
512,Pakistan,Wahab Riaz,2008-2020,36,18,6,154,30*,12.83,123,125.20,-,-,2,10,7
513,Pakistan,Umar Amin,2013-2018,14,9,-,142,47,15.77,123,115.44,-,-,3,15,4
514,Pakistan,Hasan Ali,2016-2025,56,21,11,138,23,13.80,80,172.50,-,-,4,7,11
515,Pakistan,Abbas Afridi,2024-2025,24,15,4,135,22,12.27,119,113.44,-,-,1,10,10
516,Pakistan,Tayyab Tahir,2023-2024,8,7,1,123,39*,20.50,104,118.26,-,-,-,12,3
517,Pakistan,Shahzaib Hasan,2009-2010,10,10,-,116,35,11.60,130,89.23,-,-,3,13,3
518,Pakistan,Anwar Ali,2008-2016,16,11,4,109,46,15.57,77,141.55,-,-,-,6,6
519,Pakistan,Haris Rauf,2020-2025,87,27,12,100,13*,6.66,97,103.09,-,-,4,7,5
520,Pakistan,Yasir Arafat,2007-2012,13,11,4,92,17,13.14,79,116.45,-,-,-,8,2
521,Pakistan,Omair Yousuf,2023-2025,7,7,2,91,24,18.20,83,109.63,-,-,1,8,3
522,Pakistan,Saeed Ajmal,2009-2015,64,23,12,91,21*,8.27,86,105.81,-,-,3,7,2
523,Pakistan,Aamer Jamal,2022-2024,6,5,1,88,41,22.00,49,179.59,-,-,-,5,7
524,Pakistan,Azam Khan,2021-2024,14,13,3,88,30*,8.80,66,133.33,-,-,4,6,7
525,Pakistan,Imran Farhat,2010-2011,7,7,-,76,19,10.85,70,108.57,-,-,1,14,0
526,Pakistan,Awais Zia,2012-2014,5,5,-,70,23,14.00,80,87.50,-,-,-,4,3
527,Pakistan,Abdul Samad,2025-2025,5,4,-,66,44,16.50,58,113.79,-,-,-,4,3
528,Pakistan,Shoaib Khan,2008-2008,4,4,-,65,50,16.25,74,87.83,-,1,1,7,0
529,Pakistan,Mohammad Amir,2009-2024,62,17,8,65,21*,7.22,76,85.52,-,-,2,3,3
530,Pakistan,Abdullah Shafique,2020-2023,6,6,1,64,41*,12.80,53,120.75,-,-,4,5,3
531,Pakistan,Arafat Minhas,2023-2024,4,3,1,60,25,30.00,56,107.14,-,-,-,5,2
532,Pakistan,Naseem Shah,2022-2024,30,11,4,51,16,7.28,46,110.86,-,-,4,4,3
533,Pakistan,Mohammad Yousuf,2006-2010,3,3,-,50,26,16.66,43,116.27,-,-,-,5,1
534,Pakistan,Mohammad Wasim,2021-2024,29,11,7,46,12*,11.50,53,86.79,-,-,1,5,1
535,Pakistan,Saad Nasim,2014-2014,3,2,-,44,25,22.00,53,83.01,-,-,-,0,1
536,Pakistan,Qasim Akram,2023-2024,4,3,-,41,20,13.66,45,91.11,-,-,-,6,0
537,Pakistan,Rafatullah Mohmand,2015-2015,3,3,-,39,23,13.00,45,86.66,-,-,1,4,0
538,Pakistan,Danish Aziz,2021-2021,2,2,-,37,22,18.50,35,105.71,-,-,-,1,1
539,Pakistan,Mirza Baig,2023-2023,3,3,1,36,32*,18.00,29,124.13,-,-,1,5,2
540,Pakistan,Haseebullah Khan,2024-2024,3,3,-,36,24,12.00,30,120.00,-,-,1,4,1
541,Pakistan,Usman Qadir,2020-2023,25,9,5,36,18*,9.00,30,120.00,-,-,2,3,1
542,Pakistan,Ahsan Ali,2020-2020,2,2,-,36,36,18.00,39,92.30,-,-,1,4,0
543,Pakistan,Hammad Azam,2012-2013,5,4,1,34,21,11.33,34,100.00,-,-,-,3,1
544,Pakistan,Jahandad Khan,2024-2025,8,5,1,29,17,7.25,34,85.29,-,-,1,0,2
545,Pakistan,Zulfiqar Babar,2013-2014,7,3,3,27,13*,-,27,100.00,-,-,-,2,1
546,Pakistan,Mohammad Hasnain,2019-2024,28,11,10,24,8*,24.00,26,92.30,-,-,-,2,1
547,Pakistan,Rameez Raja,2011-2011,2,2,-,24,23,12.00,29,82.75,-,-,-,2,0
548,Pakistan,Bilawal Bhatti,2013-2015,9,4,2,23,13*,11.50,14,164.28,-,-,1,2,1
549,Pakistan,Rohail Nazir,2023-2023,3,2,-,23,13,11.50,23,100.00,-,-,-,0,3
550,Pakistan,Zulqarnain Haider,2007-2010,3,3,-,23,17,7.66,30,76.66,-,-,-,1,0
551,Pakistan,Abdur Rehman,2007-2013,8,5,3,22,7*,11.00,29,75.86,-,-,-,0,0
552,Pakistan,Shoaib Akhtar,2006-2010,15,6,3,21,8*,7.00,16,131.25,-,-,1,2,1
553,Pakistan,Imam-ul-Haq,2019-2019,2,2,-,21,14,10.50,25,84.00,-,-,-,2,0
554,Pakistan,Mohammad Sami,2010-2016,13,4,3,21,8,21.00,30,70.00,-,-,-,2,0
555,Pakistan,Nauman Anwar,2015-2015,1,1,-,18,18,18.00,10,180.00,-,-,-,2,1
556,Pakistan,Naved-ul-Hasan,2006-2010,4,2,1,18,17*,18.00,16,112.50,-,-,-,0,2
557,Pakistan,Raza Hasan,2012-2014,10,4,4,18,13*,-,25,72.00,-,-,-,2,0
558,Pakistan,Ahmed Daniyal,2025-2025,2,1,-,17,17,17.00,11,154.54,-,-,-,3,0
559,Pakistan,Shahnawaz Dahani,2021-2022,11,1,-,16,16,16.00,6,266.66,-,-,-,0,2
560,Pakistan,Aamer Yamin,2015-2018,2,1,1,15,15*,-,6,250.00,-,-,-,1,1
561,Pakistan,Yasir Shah,2011-2011,2,1,1,11,11*,-,7,157.14,-,-,-,1,0
562,Pakistan,Inzamam-ul-Haq,2006-2006,1,1,1,11,11*,-,15,73.33,-,-,-,0,1
563,Pakistan,Khurram Manzoor,2016-2016,3,3,-,11,10,3.66,27,40.74,-,-,1,1,0
564,Pakistan,Mohammad Asif,2006-2010,11,3,3,9,5*,-,3,300.00,-,-,-,2,0
565,Pakistan,Sufiyan Muqeem,2023-2025,13,7,3,9,5*,2.25,14,64.28,-,-,2,0,0
566,Pakistan,Zaman Khan,2023-2024,10,2,2,8,8*,-,9,88.88,-,-,-,0,1
567,Pakistan,Usama Mir,2024-2024,5,4,1,7,5,2.33,7,100.00,-,-,1,1,0
568,Pakistan,Ihsanullah,2023-2023,4,1,1,6,6*,-,8,75.00,-,-,-,1,0
569,Pakistan,Mohammad Salman,2011-2011,1,1,-,5,5,5.00,6,83.33,-,-,-,0,0
570,Pakistan,Mohammad Irfan,2012-2019,22,4,4,4,2*,-,8,50.00,-,-,-,0,0
571,Pakistan,Junaid Khan,2011-2014,9,2,2,3,3*,-,4,75.00,-,-,-,0,0
572,Pakistan,Abrar Ahmed,2024-2025,14,3,2,3,2,3.00,8,37.50,-,-,-,0,0
573,Pakistan,Usman Shinwari,2013-2019,16,3,3,2,2*,-,3,66.66,-,-,-,0,0
574,Pakistan,Sohail Khan,2008-2017,5,1,1,1,1*,-,1,100.00,-,-,-,0,0
575,Pakistan,Mohammad Ali,2025-2025,3,2,2,1,1*,-,1,100.00,-,-,-,0,0
576,South,Player,Span,Mat,Inns,NO,Runs,HS,Ave,BF,SR,100,50,0,4s,6s
577,South,Q de Kock,2012-2024,92,91,9,2584,100,31.51,1868,138.32,1,16,7,264,103
578,South,DA Miller,2010-2024,127,112,36,2550,106*,33.55,1806,141.19,2,8,3,166,128
579,South,RR Hendricks,2014-2025,83,82,2,2382,117,29.77,1826,130.44,1,17,5,259,68
580,South,JP Duminy,2007-2019,81,75,25,1934,96*,38.68,1532,126.24,-,11,6,138,71
581,South,AB de Villiers,2006-2017,78,75,11,1672,79*,26.12,1237,135.16,-,10,5,140,60
582,South,F du Plessis,2012-2020,47,47,7,1466,119,36.65,1092,134.24,1,10,-,135,47
583,South,AK Markram,2019-2025,58,54,8,1379,70,29.97,956,144.24,-,9,2,126,56
584,South,HE van der Dussen,2018-2025,55,51,10,1363,94*,33.24,1063,128.22,-,10,2,85,62
585,South,HM Amla,2009-2018,41,41,5,1158,97*,32.16,883,131.14,-,7,2,133,23
586,South,H Klaasen,2018-2024,58,53,10,1000,81,23.25,705,141.84,-,5,2,72,52
587,South,GC Smith,2005-2011,33,33,2,982,89*,31.67,770,127.53,-,5,1,123,26
588,South,RR Rossouw,2014-2023,29,27,5,767,109,34.86,480,159.79,2,3,5,69,39
589,South,T Stubbs,2022-2025,36,30,6,707,76,29.45,524,134.92,-,2,3,62,28
590,South,T Bavuma,2019-2023,36,35,4,670,72,21.61,567,118.16,-,1,6,62,16
591,South,JH Kallis,2005-2012,25,23,4,666,73,35.05,558,119.35,-,5,-,56,20
592,South,JA Morkel,2005-2015,50,38,11,572,43,21.18,402,142.28,-,-,1,29,39
593,South,F Behardien,2012-2018,38,30,14,518,64*,32.37,404,128.21,-,1,1,37,16
594,South,HH Gibbs,2005-2010,23,23,1,400,90*,18.18,318,125.78,-,3,4,45,12
595,South,RD Rickelton,2024-2025,14,14,-,334,76,23.85,250,133.60,-,2,-,25,17
596,South,LE Bosman,2006-2010,14,14,1,323,94,24.84,219,147.48,-,3,2,27,20
597,South,MV Boucher,2005-2010,25,21,6,268,36*,17.86,275,97.45,-,-,-,22,2
598,South,D Pretorius,2017-2022,30,17,5,261,77*,21.75,159,164.15,-,1,2,22,15
599,South,JN Malan,2019-2021,11,11,-,241,55,21.90,186,129.56,-,1,1,25,11
600,South,RE Levi,2012-2012,13,13,2,236,117*,21.45,167,141.31,1,1,3,20,15
601,South,MN van Wyk,2007-2015,8,7,1,225,114*,37.50,157,143.31,1,1,-,19,14
602,South,GF Linde,2020-2025,22,17,3,225,48,16.07,160,140.62,-,-,3,12,13
603,South,CA Ingram,2010-2012,9,9,1,210,78,26.25,162,129.62,-,1,1,23,7
604,South,JM Kemp,2005-2007,8,7,3,203,89*,50.75,160,126.87,-,1,-,17,10
605,South,J Botha,2006-2012,40,20,9,201,34,18.27,165,121.81,-,-,1,15,9
606,South,JT Smuts,2017-2021,13,13,-,174,45,13.38,165,105.45,-,-,1,18,6
607,South,WD Parnell,2009-2023,56,23,13,174,29*,17.40,180,96.66,-,-,1,13,4
608,South,M Jansen,2022-2024,17,12,3,166,54,18.44,111,149.54,-,1,1,13,11
609,South,K Rabada,2014-2025,66,25,15,166,22,16.60,147,112.92,-,-,4,14,6
610,South,AL Phehlukwayo,2017-2024,42,25,7,166,27*,9.22,153,108.49,-,-,7,16,5
611,South,H Davids,2012-2013,9,9,-,161,68,17.88,134,120.14,-,2,2,18,4
612,South,JL Ontong,2008-2015,14,10,-,158,48,15.80,109,144.95,-,-,1,6,11
613,South,MP Breetzke,2023-2024,10,10,1,151,51,16.77,123,122.76,-,1,-,13,6
614,South,D Brevis,2023-2025,8,8,1,140,41,20.00,84,166.66,-,-,1,6,12
615,South,CH Morris,2012-2019,23,13,4,133,55*,14.77,102,130.39,-,1,3,12,5
616,South,RA Herman,2025-2025,5,5,-,130,63,26.00,98,132.65,-,1,-,11,5
617,South,PJ van Biljon,2020-2021,10,8,2,125,42,20.83,101,123.76,-,-,-,10,4
618,South,RJ Peterson,2006-2014,21,12,4,124,34,15.50,113,109.73,-,-,1,13,2
619,South,M Mosehle,2017-2017,7,6,1,105,36,21.00,65,161.53,-,-,-,6,9
620,South,PWA Mulder,2021-2024,11,8,2,105,36,17.50,90,116.66,-,-,1,8,3
621,South,KA Maharaj,2021-2024,39,15,6,103,41,11.44,115,89.56,-,-,2,6,5
622,South,G Coetzee,2023-2025,12,11,2,98,23,10.88,77,127.27,-,-,3,6,6
623,South,LG Pretorius,2025-2025,6,6,-,97,51,16.16,75,129.33,-,1,1,14,2
624,South,D Wiese,2013-2016,20,11,4,92,28,13.14,75,122.66,-,-,1,4,3
625,South,SM Pollock,2005-2008,12,9,2,86,36*,12.28,70,122.85,-,-,3,4,4
626,South,D Ferreira,2023-2024,6,5,-,79,48,15.80,50,158.00,-,-,-,2,6
627,South,BC Fortuin,2019-2024,25,16,7,76,17*,8.44,72,105.55,-,-,3,11,0
628,South,PE Kruger,2024-2024,7,5,1,72,44,18.00,60,120.00,-,-,-,6,3
629,South,C Jonker,2018-2018,2,2,-,57,49,28.50,29,196.55,-,-,-,5,3
630,South,RE van der Merwe,2009-2010,13,6,3,57,48,19.00,50,114.00,-,-,1,2,4
631,South,HG Kuhn,2009-2017,7,6,2,49,29,12.25,42,116.66,-,-,-,3,2
632,South,JJ van der Wath,2006-2007,8,4,1,46,21,15.33,39,117.94,-,-,-,3,1
633,South,L Ngidi,2017-2025,48,14,9,41,13*,8.20,53,77.35,-,-,2,4,0
634,South,C Bosch,2025-2025,5,4,2,36,23*,18.00,25,144.00,-,-,-,3,1
635,South,SSB Magala,2021-2023,6,3,2,34,18*,34.00,18,188.88,-,-,-,1,4
636,South,J Theron,2010-2012,9,3,3,32,31*,-,21,152.38,-,-,-,3,1
637,South,A Simelane,2024-2025,8,6,1,32,11,6.40,39,82.05,-,-,-,2,1
638,South,N Peter,2024-2025,11,5,3,29,10*,14.50,25,116.00,-,-,-,3,0
639,South,TB de Bruyn,2017-2017,2,2,-,26,19,13.00,16,162.50,-,-,-,3,1
640,South,RK Kleinveldt,2008-2013,6,3,2,25,22,25.00,10,250.00,-,-,-,1,3
641,South,KJ Abbott,2013-2016,21,6,4,23,9*,11.50,20,115.00,-,-,-,2,0
642,South,M Morkel,2007-2017,41,7,5,21,8*,10.50,16,131.25,-,-,-,3,1
643,South,DW Steyn,2007-2020,47,12,6,21,5*,3.50,26,80.76,-,-,2,2,0
644,South,Imran Tahir,2013-2019,35,4,3,19,9*,19.00,18,105.55,-,-,-,1,1
645,South,KT Maphaka,2024-2025,9,5,4,19,12*,19.00,23,82.60,-,-,1,2,0
646,South,CJ Dala,2018-2021,10,4,3,19,12*,19.00,28,67.85,-,-,-,1,0
647,South,AM Phangiso,2012-2018,16,3,-,19,13,6.33,29,65.51,-,-,-,1,0
648,South,BE Hendricks,2014-2021,19,5,2,18,12*,6.00,23,78.26,-,-,1,0,1
649,South,A Nortje,2019-2024,42,12,6,17,4*,2.83,35,48.57,-,-,2,1,0
650,South,WJ Lubbe,2021-2021,2,2,-,16,12,8.00,10,160.00,-,-,-,4,0
651,South,GL Cloete,2018-2019,2,2,-,15,13,7.50,15,100.00,-,-,-,2,0
652,South,S Muthusamy,2025-2025,4,4,1,15,8,5.00,15,100.00,-,-,1,1,1
653,South,VB van Jaarsveld,2009-2009,3,3,-,15,12,5.00,23,65.21,-,-,1,0,0
654,South,AN Petersen,2010-2010,2,2,-,14,8,7.00,19,73.68,-,-,-,1,0
655,South,VD Philander,2007-2007,7,4,-,14,6,3.50,28,50.00,-,-,-,0,0
656,South,AJ Hall,2006-2006,2,1,-,11,11,11.00,10,110.00,-,-,-,1,0
657,South,L Sipamla,2019-2024,11,3,1,11,8*,5.50,15,73.33,-,-,1,1,0
658,South,M Ntini,2005-2011,10,4,2,10,5,5.00,11,90.90,-,-,1,2,0
659,South,T Shamsi,2017-2024,70,14,9,10,4*,2.00,27,37.03,-,-,5,0,0
660,South,R McLaren,2009-2014,12,4,3,9,6*,9.00,13,69.23,-,-,-,0,0
661,South,GH Bodi,2007-2007,1,1,-,8,8,8.00,25,32.00,-,-,-,0,0
662,South,ND McKenzie,2006-2009,2,1,1,7,7*,-,8,87.50,-,-,-,0,0
663,South,JF Smith,2024-2024,1,1,1,6,6*,-,6,100.00,-,-,-,0,0
664,South,JA Rudolph,2006-2006,1,1,1,6,6*,-,7,85.71,-,-,-,0,0
665,South,LB Williams,2021-2024,15,7,3,6,2*,1.50,17,35.29,-,-,3,0,0
666,South,D Paterson,2017-2018,8,2,1,5,4*,5.00,2,250.00,-,-,-,1,0
667,South,R Telemachus,2006-2007,3,1,1,5,5*,-,3,166.66,-,-,-,0,0
668,South,AG Prince,2005-2005,1,1,-,5,5,5.00,6,83.33,-,-,-,0,0
669,South,CK Langeveldt,2005-2010,9,3,2,4,2*,4.00,8,50.00,-,-,-,0,0
670,South,GJP Kruger,2006-2006,1,1,-,3,3,3.00,5,60.00,-,-,-,0,0
671,South,GJ Snyman,2021-2021,1,1,-,2,2,2.00,6,33.33,-,-,-,0,0
672,South,LL Tsotsobe,2009-2014,23,3,2,2,1*,2.00,10,20.00,-,-,-,0,0
673,South,J Louw,2008-2009,2,1,1,1,1*,-,1,100.00,-,-,-,0,0
674,South,N Burger,2023-2025,5,1,-,1,1,1.00,3,33.33,-,-,-,0,0
675,South,HH Dippenaar,2006-2006,1,1,-,1,1,1.00,5,20.00,-,-,-,0,0
676,South,OEG Baartman,2024-2024,12,2,-,1,1,0.50,6,16.66,-,-,1,0,0
677,Sri,Player,Span,Mat,Inns,NO,Runs,HS,Ave,BF,SR,100,50,0,4s,6s
678,Sri,MDKJ Perera,2013-2025,80,79,3,2080,101,27.36,1563,133.07,1,15,6,201,66
679,Sri,BKG Mendis,2016-2025,81,81,3,2007,86,25.73,1518,132.21,-,16,6,173,85
680,Sri,TM Dilshan,2006-2016,80,79,12,1889,104*,28.19,1567,120.54,1,13,10,223,33
681,Sri,P Nissanka,2021-2025,65,64,3,1854,90,30.39,1524,121.65,-,14,5,193,45
682,Sri,MD Shanaka,2015-2025,105,96,21,1511,74*,20.14,1230,122.84,-,5,13,113,74
683,Sri,DPMD Jayawardene,2006-2014,55,55,8,1493,100,31.76,1121,133.18,1,9,4,173,33
684,Sri,AD Mathews,2009-2024,90,73,22,1416,81*,27.76,1175,120.51,-,6,1,92,50
685,Sri,KC Sangakkara,2006-2014,56,53,9,1382,78,31.40,1156,119.55,-,8,2,139,20
686,Sri,KIC Asalanka,2021-2025,61,60,7,1263,80*,23.83,988,127.83,-,6,7,86,61
687,Sri,LD Chandimal,2010-2025,69,62,7,1066,66*,19.38,1030,103.49,-,6,-,90,22
688,Sri,NLTC Perera,2010-2021,80,70,21,1047,58,21.36,714,146.63,-,2,8,76,53
689,Sri,DM de Silva,2015-2024,45,44,4,847,66*,21.17,731,115.86,-,3,2,71,18
690,Sri,MD Gunathilaka,2016-2022,46,45,-,741,57,16.46,615,120.48,-,3,4,78,21
691,Sri,PBB Rajapaksa,2019-2025,44,39,7,733,77,22.90,552,132.78,-,3,3,63,31
692,Sri,PW Hasaranga,2019-2025,79,67,14,712,71,13.43,552,128.98,-,2,8,71,16
693,Sri,CK Kapugedera,2006-2017,43,38,7,703,50,22.67,591,118.95,-,1,-,58,25
694,Sri,ST Jayasuriya,2006-2011,31,30,3,629,88,23.29,487,129.15,-,4,4,76,23
695,Sri,N Dickwella,2016-2021,28,27,1,480,68,18.46,366,131.14,-,1,2,61,9
696,Sri,WU Tharanga,2006-2018,26,26,1,407,47,16.28,330,123.33,-,-,3,42,12
697,Sri,PHKD Mendis,2018-2025,24,22,1,402,65*,19.14,326,123.31,-,2,2,40,14
698,Sri,WIA Fernando,2019-2025,39,37,3,376,37,11.05,408,92.15,-,-,5,28,8
699,Sri,S Samarawickrama,2017-2024,19,18,2,310,61*,19.37,282,109.92,-,2,2,32,2
700,Sri,HDRL Thirimanne,2012-2016,26,20,2,291,44,16.16,267,108.98,-,-,1,27,5
701,Sri,C Karunaratne,2021-2025,44,35,16,291,31,15.31,276,105.43,-,-,7,15,12
702,Sri,TAM Siriwardana,2015-2017,22,19,3,275,42,17.18,208,132.21,-,-,4,16,12
703,Sri,I Udana,2009-2021,35,25,11,256,84*,18.28,186,137.63,-,1,3,16,14
704,Sri,GSNFG Jayasuriya,2015-2020,18,16,-,241,40,15.06,222,108.55,-,-,1,20,8
705,Sri,J Mubarak,2007-2009,16,15,4,238,46*,21.63,188,126.59,-,-,2,21,8
706,Sri,DAS Gunaratne,2016-2017,12,12,3,225,84*,25.00,178,126.40,-,2,2,19,6
707,Sri,EMDY Munaweera,2012-2017,13,13,1,215,53,17.91,164,131.09,-,1,1,25,7
708,Sri,KMDN Kulasekara,2008-2017,58,30,9,215,31,10.23,184,116.84,-,-,4,14,7
709,Sri,S Prasanna,2013-2017,20,20,6,214,37*,15.28,161,132.91,-,-,-,13,13
710,Sri,BMAJ Mendis,2011-2018,22,15,4,207,43*,18.81,174,118.96,-,-,1,18,6
711,Sri,LPC Silva,2006-2011,16,15,2,175,38,13.46,177,98.87,-,-,-,19,3
712,Sri,SL Malinga,2006-2020,84,33,12,136,27,6.47,161,84.47,-,-,8,9,5
713,Sri,BOP Fernando,2019-2021,7,6,1,128,78*,25.60,114,112.28,-,1,-,11,4
714,Sri,PVD Chameera,2015-2024,55,28,13,101,24*,6.73,113,89.38,-,-,3,9,1
715,Sri,KNA Bandara,2021-2023,6,5,1,97,44*,24.25,88,110.22,-,-,-,4,5
716,Sri,ML Udawatte,2008-2017,8,8,-,96,25,12.00,87,110.34,-,-,2,10,2
717,Sri,M Theekshana,2021-2025,63,28,10,78,14,4.33,123,63.41,-,-,7,4,2
718,Sri,A Dananjaya,2012-2024,33,16,8,65,11*,8.12,72,90.27,-,-,2,7,0
719,Sri,M Bhanuka,2019-2021,5,4,-,64,36,16.00,66,96.96,-,-,1,7,0
720,Sri,AK Perera,2013-2019,6,5,-,59,16,11.80,65,90.76,-,-,-,5,1
721,Sri,SMSM Senanayake,2012-2016,24,12,6,56,17,9.33,66,84.84,-,-,2,3,1
722,Sri,SMA Priyanjan,2017-2017,3,3,2,54,40*,54.00,62,87.09,-,-,-,1,2
723,Sri,K Weeraratne,2008-2009,5,5,2,49,20*,16.33,45,108.88,-,-,-,4,1
724,Sri,CU Jayasinghe,2009-2010,5,3,2,49,38,49.00,49,100.00,-,-,-,3,1
725,Sri,B Fernando,2015-2025,23,7,3,43,20,10.75,48,89.58,-,-,1,3,1
726,Sri,KDK Vithanage,2014-2016,3,3,-,40,38,13.33,34,117.64,-,-,-,7,0
727,Sri,JDF Vandersay,2015-2025,17,10,7,35,8*,11.66,40,87.50,-,-,-,3,1
728,Sri,RJMGM Rupasinghe,2009-2009,2,2,-,33,18,16.50,39,84.61,-,-,-,2,0
729,Sri,WPUJC Vaas,2006-2007,6,2,1,33,21,33.00,41,80.48,-,-,-,1,0
730,Sri,MF Maharoof,2006-2016,8,5,1,33,13*,8.25,43,76.74,-,-,1,0,1
731,Sri,CAK Rajitha,2016-2023,18,8,5,31,9*,10.33,53,58.49,-,-,1,2,0
732,Sri,J Liyanage,2022-2022,3,3,-,28,11,9.33,45,62.22,-,-,-,0,0
733,Sri,SS Pathirana,2016-2017,5,5,-,27,14,5.40,24,112.50,-,-,-,3,0
734,Sri,CRD Fernando,2006-2016,18,7,2,25,21,5.00,27,92.59,-,-,2,4,0
735,Sri,PADLR Sandakan,2017-2021,20,7,4,23,10,7.66,38,60.52,-,-,-,2,0
736,Sri,PC de Silva,2017-2017,2,2,-,22,21,11.00,22,100.00,-,-,-,1,0
737,Sri,SSD Arachchige,2023-2023,1,1,-,22,22,22.00,29,75.86,-,-,-,0,1
738,Sri,LD Madushanka,2019-2021,3,3,-,22,20,7.33,29,75.86,-,-,-,1,0
739,Sri,JRMVB Sanjaya,2017-2017,8,5,2,20,6,6.66,18,111.11,-,-,-,3,0
740,Sri,RLB Rambukwella,2013-2016,2,1,-,19,19,19.00,16,118.75,-,-,-,1,1
741,Sri,HGJM Kulatunga,2008-2008,2,2,-,19,11,9.50,38,50.00,-,-,-,0,0
742,Sri,LHD Dilhara,2008-2008,2,1,1,18,18*,-,9,200.00,-,-,-,0,1
743,Sri,RTM Mendis,2021-2024,4,3,-,17,12,5.66,21,80.95,-,-,-,0,1
744,Sri,M Pathirana,2022-2024,19,9,4,17,6,3.40,32,53.12,-,-,3,1,0
745,Sri,L Croospulle,2023-2023,1,1,-,16,16,16.00,12,133.33,-,-,-,2,1
746,Sri,K Mishara,2022-2022,3,3,-,15,13,5.00,19,78.94,-,-,-,2,0
747,Sri,C Wickramasinghe,2024-2025,3,3,3,14,6*,-,11,127.27,-,-,-,2,0
748,Sri,V Viyaskanth,2023-2023,1,1,1,13,13*,-,19,68.42,-,-,-,1,0
749,Sri,SHT Kandamby,2008-2011,5,4,-,13,10,3.25,21,61.90,-,-,1,0,0
750,Sri,HMCM Bandara,2006-2009,4,3,1,12,7,6.00,15,80.00,-,-,-,0,0
751,Sri,DN Wellalage,2024-2024,4,2,1,12,11*,12.00,16,75.00,-,-,-,1,1
752,Sri,AM Fernando,2022-2024,7,3,3,11,10*,-,5,220.00,-,-,-,2,0
753,Sri,KS Lokuarachchi,2012-2012,2,2,-,11,11,5.50,13,84.61,-,-,1,1,0
754,Sri,CBRLS Kumara,2019-2023,26,6,3,10,4,3.33,11,90.90,-,-,1,2,0
755,Sri,N Pradeep,2016-2021,16,6,5,10,8*,10.00,15,66.66,-,-,1,1,0
756,Sri,S Daniel,2023-2023,1,1,-,9,9,9.00,6,150.00,-,-,-,2,0
757,Sri,RS Fernando,2023-2023,1,1,-,9,9,9.00,10,90.00,-,-,-,1,0
758,Sri,N Thushara,2022-2025,21,8,6,9,6,4.50,17,52.94,-,-,1,1,0
759,Sri,S Randiv,2010-2011,7,2,-,8,6,4.00,6,133.33,-,-,-,1,0
760,Sri,HMRKB Herath,2011-2016,17,6,3,8,3,2.66,12,66.66,-,-,-,0,0
761,Sri,BAW Mendis,2008-2014,39,8,5,8,4*,2.66,17,47.05,-,-,-,1,0
762,Sri,RP Arnold,2006-2006,1,1,-,7,7,7.00,7,100.00,-,-,-,0,0
763,Sri,RAS Lakmal,2011-2019,11,6,3,7,5*,2.33,11,63.63,-,-,2,1,0
764,Sri,RMS Eranga,2012-2013,3,1,-,6,6,6.00,7,85.71,-,-,-,1,0
765,Sri,N Vimukthi,2023-2023,1,1,-,6,6,6.00,12,50.00,-,-,-,0,0
766,Sri,MS Atapattu,2006-2006,2,1,-,5,5,5.00,8,62.50,-,-,-,0,0
767,Sri,MNK Fernando,2023-2023,1,1,-,5,5,5.00,8,62.50,-,-,-,1,0
768,Sri,T Thushara,2008-2010,6,2,-,4,3,2.00,8,50.00,-,-,-,0,0
769,Sri,ST de Silva,2017-2017,3,2,-,3,3,1.50,7,42.85,-,-,1,0,0
770,Sri,MVT Fernando,2017-2017,1,1,-,2,2,2.00,2,100.00,-,-,-,0,0
771,Sri,UWMBCA Welegedara,2010-2010,2,1,1,2,2*,-,3,66.66,-,-,-,0,0
772,Sri,Pramod Madushan,2022-2023,8,3,1,2,1*,1.00,4,50.00,-,-,1,0,0
773,Sri,KMC Bandara,2016-2016,1,1,1,2,2*,-,4,50.00,-,-,-,0,0
774,Sri,D Madushanka,2022-2024,15,5,1,2,1*,0.50,7,28.57,-,-,3,0,0
775,Sri,SMLD Samarakoon,2023-2023,1,1,-,1,1,1.00,3,33.33,-,-,-,0,0
776,Sri,G Wijekoon,2007-2007,3,2,1,1,1*,1.00,5,20.00,-,-,1,0,0
777,Sri,M Muralidaran,2006-2010,12,2,-,1,1,0.50,5,20.00,-,-,1,0,0
778,Sri,MDK Perera,2011-2011,3,2,-,1,1,0.50,6,16.66,-,-,1,0,0
779,West,Player,Span,Mat,Inns,NO,Runs,HS,Ave,BF,SR,100,50,0,4s,6s
780,West,N Pooran,2016-2024,106,97,10,2275,98,26.14,1668,136.39,-,13,3,152,149
781,West,R Powell,2017-2025,99,87,12,1925,107,25.66,1361,141.44,1,9,2,118,125
782,West,CH Gayle,2006-2021,79,75,7,1899,117,27.92,1381,137.50,2,14,4,158,124
783,West,E Lewis,2016-2025,65,64,4,1782,125*,29.70,1155,154.28,2,13,6,135,136
784,West,BA King,2019-2025,68,66,5,1659,85*,27.19,1221,135.87,-,13,5,180,73
785,West,MN Samuels,2007-2018,67,65,10,1611,89*,29.29,1386,116.23,-,10,-,144,69
786,West,KA Pollard,2008-2022,101,83,21,1569,75*,25.30,1161,135.14,-,6,3,94,99
787,West,LMP Simmons,2007-2021,68,67,10,1527,91*,26.78,1264,120.80,-,9,6,140,68
788,West,J Charles,2011-2025,64,63,-,1468,118,23.30,1136,129.22,1,5,7,157,69
789,West,DJ Bravo,2006-2021,91,74,17,1255,66*,22.01,1091,115.03,-,4,5,73,55
790,West,SD Hope,2017-2025,51,49,6,1210,102*,28.13,879,137.65,1,7,3,96,64
791,West,AD Russell,2011-2025,86,75,24,1122,71,22.00,685,163.79,-,3,9,65,95
792,West,SO Hetmyer,2018-2025,69,59,5,1112,81*,20.59,882,126.07,-,6,4,73,60
793,West,ADS Fletcher,2008-2024,60,57,7,984,84*,19.68,892,110.31,-,6,9,67,53
794,West,KR Mayers,2020-2024,38,37,2,762,73,21.77,551,138.29,-,3,1,68,51
795,West,JO Holder,2014-2025,75,55,18,672,38,18.16,487,137.98,-,-,9,43,41
796,West,R Shepherd,2020-2025,63,44,17,667,44*,24.70,468,142.52,-,-,4,36,48
797,West,D Ramdin,2006-2019,71,50,16,636,55*,18.70,551,115.42,-,1,3,51,19
798,West,SE Rutherford,2018-2025,39,34,6,586,68*,20.92,420,139.52,-,3,4,45,35
799,West,DR Smith,2006-2015,33,32,-,582,72,18.18,474,122.78,-,3,1,62,31
800,West,RL Chase,2021-2025,42,32,7,552,67*,22.08,462,119.48,-,3,5,47,16
801,West,DJG Sammy,2007-2016,66,50,16,534,42*,15.70,359,148.74,-,-,3,42,27
802,West,DM Bravo,2010-2022,26,22,3,405,43*,21.31,379,106.86,-,-,3,32,14
803,West,S Chanderpaul,2006-2010,22,22,5,343,41,20.17,347,98.84,-,-,-,34,5
804,West,CR Brathwaite,2011-2019,41,27,6,310,37*,14.76,274,113.13,-,-,3,13,22
805,West,RR Sarwan,2007-2010,18,16,3,298,59,22.92,286,104.19,-,2,1,19,6
806,West,FA Allen,2018-2024,39,27,9,272,34,15.11,199,136.68,-,-,5,16,21
807,West,AJ Hosein,2021-2025,78,32,15,272,44*,16.00,247,110.12,-,-,3,17,13
808,West,CAK Walton,2014-2018,19,17,-,225,40,13.23,203,110.83,-,-,5,23,11
809,West,SSJ Brooks,2021-2022,13,12,1,218,56*,19.81,212,102.83,-,1,2,15,11
810,West,DS Smith,2007-2009,6,6,-,203,61,33.83,161,126.08,-,2,-,22,5
811,West,OF Smith,2018-2023,27,20,7,193,27*,14.84,138,139.85,-,-,2,13,12
812,West,KMA Paul,2018-2022,23,16,7,187,29,20.77,166,112.65,-,-,2,10,11
813,West,G Motie,2021-2025,39,20,7,163,33,12.53,126,129.36,-,-,3,11,11
814,West,SP Narine,2012-2019,51,23,8,155,30,10.33,138,112.31,-,-,2,13,5
815,West,A Athanaze,2024-2025,6,6,1,137,60,27.40,105,130.47,-,1,-,12,6
816,West,AS Joseph,2022-2025,45,19,11,129,21*,16.12,125,103.20,-,-,2,9,5
817,West,JE Taylor,2006-2018,30,15,6,118,21,13.11,92,128.26,-,-,1,10,6
818,West,XM Marshall,2008-2009,6,6,-,96,36,16.00,77,124.67,-,-,1,8,4
819,West,RS Morton,2006-2010,7,7,1,96,40,16.00,103,93.20,-,-,1,8,2
820,West,JN Mohammed,2017-2018,9,8,3,90,23*,18.00,103,87.37,-,-,1,9,1
821,West,AR Nurse,2011-2019,13,8,6,85,20*,42.50,71,119.71,-,-,-,7,3
822,West,CD Barnwell,2011-2013,6,6,2,78,34*,19.50,62,125.80,-,-,1,4,4
823,West,J Andrew,2025-2025,3,3,-,71,35,23.66,58,122.41,-,-,-,5,4
824,West,OC McCoy,2019-2024,42,13,6,68,23*,9.71,64,106.25,-,-,2,7,4
825,West,TM Dowlin,2009-2010,2,2,1,68,37*,68.00,69,98.55,-,-,-,8,0
826,West,DP Hyatt,2011-2012,5,5,1,64,28,16.00,54,118.51,-,-,-,4,4
827,West,N Deonarine,2010-2013,8,7,2,55,36*,11.00,53,103.77,-,-,3,5,0
828,West,KU Carty,2025-2025,4,3,1,53,49*,26.50,35,151.42,-,-,-,4,4
829,West,MW Forde,2023-2025,8,5,1,51,15,12.75,35,145.71,-,-,-,4,3
830,West,DC Thomas,2009-2022,12,8,2,51,31*,8.50,54,94.44,-,-,-,4,2
831,West,RA Reifer,2022-2023,3,2,-,46,27,23.00,41,112.19,-,-,-,1,2
832,West,NO Miller,2009-2014,9,5,4,43,15*,43.00,47,91.48,-,-,-,2,0
833,West,S Badree,2012-2018,50,15,9,43,14*,7.16,63,68.25,-,-,-,1,1
834,West,SJ Benn,2008-2016,24,7,4,37,13*,12.33,42,88.09,-,-,1,5,1
835,West,HR Walsh,2019-2024,31,10,6,36,12*,9.00,47,76.59,-,-,2,2,2
836,West,SE Findlay,2008-2008,2,2,-,32,19,16.00,31,103.22,-,-,-,4,0
837,West,WW Hinds,2006-2010,5,5,1,30,14,7.50,41,73.17,-,-,1,3,0
838,West,S Joseph,2024-2025,12,5,5,28,21*,-,18,155.55,-,-,-,2,2
839,West,NE Bonner,2011-2012,2,2,-,27,24,13.50,38,71.05,-,-,-,2,0
840,West,D Ganga,2006-2006,1,1,-,26,26,26.00,31,83.87,-,-,-,3,1
841,West,AB Barath,2010-2011,2,2,-,23,15,11.50,39,58.97,-,-,-,3,0
842,West,FL Reifer,2009-2009,1,1,-,22,22,22.00,20,110.00,-,-,-,2,1
843,West,KOK Williams,2016-2020,26,7,4,19,13*,6.33,17,111.76,-,-,1,1,1
844,West,SS Cottrell,2014-2023,45,10,6,18,4*,4.50,29,62.06,-,-,1,2,0
845,West,TL Best,2013-2014,6,1,1,17,17*,-,9,188.88,-,-,-,0,2
846,West,K Pierre,2018-2020,10,5,3,17,9*,8.50,23,73.91,-,-,-,2,0
847,West,RR Emrit,2018-2018,4,3,-,17,11,5.66,27,62.96,-,-,-,0,1
848,West,D Bishoo,2011-2019,7,4,2,17,8,8.50,29,58.62,-,-,1,2,0
849,West,DC Drakes,2021-2022,10,5,-,15,5,3.00,19,78.94,-,-,1,3,0
850,West,R Rampaul,2007-2021,27,7,5,15,8,7.50,29,51.72,-,-,-,0,0
851,West,KOA Powell,2014-2014,1,1,-,12,12,12.00,14,85.71,-,-,-,1,0
852,West,FH Edwards,2007-2021,26,6,4,11,7*,5.50,14,78.57,-,-,1,1,0
853,West,JD Campbell,2019-2019,2,2,-,11,11,5.50,16,68.75,-,-,1,2,0
854,West,BA Parchment,2007-2007,1,1,-,10,10,10.00,6,166.66,-,-,-,1,1
855,West,CS Baugh,2008-2012,3,3,-,10,7,3.33,12,83.33,-,-,-,1,0
856,West,ACL Richards,2007-2007,1,1,-,10,10,10.00,15,66.66,-,-,-,1,0
857,West,WKD Perkins,2008-2008,1,1,-,9,9,9.00,11,81.81,-,-,-,1,0
858,West,O Thomas,2018-2023,21,7,3,9,8*,2.25,15,60.00,-,-,3,2,0
859,West,SK Springer,2024-2024,2,1,-,7,7,7.00,6,116.66,-,-,-,1,0
860,West,JP Greaves,2024-2024,1,1,-,6,6,6.00,5,120.00,-,-,-,0,0
861,West,T Hinds,2024-2024,2,1,1,5,5*,-,3,166.66,-,-,-,1,0
862,West,AM McCarthy,2018-2018,1,1,-,5,5,5.00,8,62.50,-,-,-,0,0
863,West,JNT Seales,2024-2024,1,1,1,4,4*,-,2,200.00,-,-,-,1,0
864,West,GE Mathurin,2011-2012,3,2,2,4,3*,-,5,80.00,-,-,-,0,0
865,West,J Blades,2025-2025,4,2,2,4,3*,-,10,40.00,-,-,-,0,0
866,West,KAJ Roach,2008-2012,11,1,1,3,3*,-,2,150.00,-,-,-,0,0
867,West,Y Cariah,2022-2022,2,2,2,3,2*,-,4,75.00,-,-,-,0,0
868,West,MC Bascombe,2011-2011,1,1,-,3,3,3.00,7,42.85,-,-,-,0,0
869,West,K Sinclair,2021-2021,6,2,1,3,3,3.00,9,33.33,-,-,-,0,0
870,West,DE Bernard,2009-2009,1,1,1,1,1*,-,1,100.00,-,-,-,0,0
871,West,DBL Powell,2007-2007,5,1,1,1,1*,-,1,100.00,-,-,-,0,0
872,Afghanistan,Player,Span,Mat,Inns,NO,Runs,HS,Ave,BF,SR,100,50,0,4s,6s
873,Afghanistan,Mohammad Nabi,2010-2024,132,124,25,2237,89,22.59,1642,136.23,-,6,8,156,109
874,Afghanistan,Mohammad Shahzad,2010-2023,73,73,3,2048,118*,29.25,1550,132.12,1,12,4,229,76
875,Afghanistan,Najibullah Zadran,2012-2024,107,95,33,1830,73,29.51,1328,137.80,-,8,6,126,97
876,Afghanistan,Rahmanullah Gurbaz,2019-2024,66,66,-,1683,100,25.50,1252,134.42,1,10,8,128,95
877,Afghanistan,Asghar Afghan,2010-2021,75,68,5,1382,62,21.93,1247,110.82,-,4,5,87,69
878,Afghanistan,Hazratullah Zazai,2016-2024,45,45,3,1160,162*,27.61,874,132.72,1,3,3,110,66
879,Afghanistan,Ibrahim Zadran,2019-2024,44,44,6,1105,72*,29.07,1030,107.28,-,8,1,97,24
880,Afghanistan,Samiullah Shinwari,2010-2022,65,56,10,1013,61,22.02,858,118.06,-,2,2,76,37
881,Afghanistan,Gulbadin Naib,2012-2024,75,64,18,945,57,20.54,775,121.93,-,3,7,70,44
882,Afghanistan,Usman Ghani,2015-2023,35,34,3,786,73,25.35,733,107.23,-,4,-,76,21
883,Afghanistan,Karim Janat,2016-2024,67,48,9,691,56*,17.71,596,115.93,-,4,4,49,28
884,Afghanistan,Noor Ali Zadran,2010-2023,23,23,1,597,63,27.13,586,101.87,-,4,1,55,9
885,Afghanistan,Karim Sadiq,2010-2018,36,36,-,538,72,14.94,493,109.12,-,1,4,61,10
886,Afghanistan,Nawroz Mangal,2010-2017,32,32,4,505,65*,18.03,453,111.47,-,2,4,42,19
887,Afghanistan,Shafiqullah,2010-2019,46,42,12,494,51*,16.46,340,145.29,-,1,5,35,31
888,Afghanistan,Azmatullah Omarzai,2022-2024,47,37,4,474,34,14.36,427,111.00,-,-,4,30,18
889,Afghanistan,Rashid Khan,2015-2024,95,58,25,458,48*,13.87,363,126.17,-,-,7,31,27
890,Afghanistan,Najeeb Tarakai,2014-2019,12,12,-,258,90,21.50,210,122.85,-,1,1,21,13
891,Afghanistan,Afsar Zazai,2013-2023,8,8,-,141,48,17.62,172,81.97,-,-,-,9,3
892,Afghanistan,Mirwais Ashraf,2010-2016,25,19,8,128,28*,11.63,115,111.30,-,-,2,5,8
893,Afghanistan,Darwish Rasooli,2022-2024,9,9,2,118,58,16.85,113,104.42,-,1,1,10,2
894,Afghanistan,Sediqullah Atal,2023-2024,9,9,-,96,35,10.66,110,87.27,-,-,-,6,4
895,Afghanistan,Raees Ahmadzai,2010-2010,8,6,3,91,33*,30.33,84,108.33,-,-,-,5,1
896,Afghanistan,Mohammad Ishaq,2024-2024,5,5,1,76,32,19.00,58,131.03,-,-,1,10,1
897,Afghanistan,Shahidullah,2023-2023,3,3,1,72,49*,36.00,59,122.03,-,-,1,5,4
898,Afghanistan,Dawlat Zadran,2012-2019,34,17,8,68,13,7.55,42,161.90,-,-,3,4,6
899,Afghanistan,Mujeeb Ur Rahman,2018-2024,49,14,8,54,21,9.00,44,122.72,-,-,2,6,3
900,Afghanistan,Hamid Hassan,2010-2021,25,9,6,50,22,16.66,46,108.69,-,-,-,3,2
901,Afghanistan,Hashmatullah Shahidi,2013-2022,6,4,2,48,36,24.00,55,87.27,-,-,-,5,0
902,Afghanistan,Sharafuddin Ashraf,2015-2024,19,12,6,46,18,7.66,55,83.63,-,-,2,4,1
903,Afghanistan,Naveen-ul-Haq,2019-2024,48,14,5,44,13,4.88,65,67.69,-,-,3,5,1
904,Afghanistan,Noor Ahmad,2022-2024,14,8,2,41,12,6.83,53,77.35,-,-,1,1,3
905,Afghanistan,Amir Hamza,2013-2021,33,9,5,40,21,10.00,38,105.26,-,-,1,3,1
906,Afghanistan,Ijaz Ahmad Ahmadzai,2024-2024,3,3,-,35,16,11.66,32,109.37,-,-,-,2,2
907,Afghanistan,Qais Ahmad,2020-2024,11,5,1,33,18,8.25,29,113.79,-,-,1,4,1
908,Afghanistan,Fareed Ahmad,2016-2024,32,5,4,32,24*,32.00,33,96.96,-,-,-,5,0
909,Afghanistan,Shapoor Zadran,2010-2020,36,13,6,27,13,3.85,65,41.53,-,-,3,0,3
910,Afghanistan,Ihsanullah,2022-2022,1,1,-,20,20,20.00,14,142.85,-,-,-,4,0
911,Afghanistan,Shabir Noori,2012-2012,1,1,-,15,15,15.00,18,83.33,-,-,-,1,0
912,Afghanistan,Fazal Niazai,2019-2019,1,1,-,12,12,12.00,15,80.00,-,-,-,1,0
913,Afghanistan,Fazalhaq Farooqi,2021-2024,43,12,9,12,4*,4.00,19,63.15,-,-,2,1,0
914,Afghanistan,Zubaid Akbari,2023-2024,3,3,-,8,5,2.66,15,53.33,-,-,-,1,0
915,Afghanistan,Nangeyalia Kharote,2024-2024,6,5,3,7,4*,3.50,19,36.84,-,-,1,0,0
916,Afghanistan,Javed Ahmadi,2012-2017,3,2,-,6,6,3.00,7,85.71,-,-,1,1,0
917,Afghanistan,Nijat Masood,2022-2022,3,1,1,4,4*,-,5,80.00,-,-,-,0,0
918,Afghanistan,Rahmat Shah,2024-2024,1,1,-,3,3,3.00,6,50.00,-,-,-,0,0
919,Afghanistan,Dawlat Ahmadzai,2010-2010,2,1,1,2,2*,-,3,66.66,-,-,-,0,0
920,Afghanistan,Aftab Alam,2012-2018,12,5,3,2,1*,1.00,9,22.22,-,-,1,0,0
921,Afghanistan,Yamin Ahmadzai,2015-2015,2,1,1,1,1*,-,1,100.00,-,-,-,0,0
922,Afghanistan,Sayed Shirzad,2015-2019,4,1,-,1,1,1.00,2,50.00,-,-,-,0,0
923,Afghanistan,M Nasim Baras,2015-2015,3,1,-,1,1,1.00,2,50.00,-,-,-,0,0
